,total_calls,total_minutes,promedio_minutes_por_ocasion,extra_minutes,extra_charges_minutes,total_internet,total_mb,promedio_mb_por_ocasion,extra_mb,extra_charges_gb,total_messages,extra_messages,extra_charges_messages,avg_extra_charges_per_month_messages,Unnamed: 0,age,days_since_reg,months_since_reg,plan_name_surf,plan_name_ultimate,total_exceso,total_pagos_promedios
0,16.0,116.83,7.301875,0.0,0.0,5.0,1901.47,380.294,0.0,0.0,11.0,0.0,0.0,0.0,0,45,7.0,0.0,False,True,0.0,70.0
1,261.0,1640.46,6.285287356321839,0.0,0.0,245.0,80437.94,328.3181224489796,14123.970000000001,160.0,207.0,3.0,0.09,0.018,1,28,140.0,4.0,True,False,160.09,52.018
2,113.0,777.13,6.877256637168141,0.0,0.0,124.0,40293.33,324.94620967741935,3985.0800000000017,40.0,88.0,0.0,0.0,0.0,2,36,71.0,2.0,True,False,40.0,33.333333333333336
3,149.0,1041.0,6.9865771812080535,541.0,16.23,52.0,27044.14,520.0796153846154,11684.14,120.0,50.0,0.0,0.0,0.0,3,52,337.0,11.0,True,False,136.23,156.23
4,370.0,2618.95,7.078243243243243,0.0,0.0,460.0,156352.81,339.89741304347825,43103.97,470.0,177.0,0.0,0.0,0.0,4,40,222.0,7.0,True,False,470.0,78.75
5,59.0,470.22,7.969830508474577,0.0,0.0,60.0,17140.17,285.66949999999997,1780.1699999999983,20.0,11.0,0.0,0.0,0.0,5,31,32.0,1.0,True,False,20.0,40.0
6,11.0,64.11,5.828181818181818,0.0,0.0,70.0,34187.19,488.3884285714286,1398.8199999999997,14.0,154.0,0.0,0.0,0.0,6,73,34.0,1.0,False,True,14.0,77.0
7,380.0,2484.15,6.537236842105264,190.07999999999993,5.702399999999997,273.0,143852.74,526.9331135531136,67052.73999999999,690.0,255.0,10.0,0.30000000000000004,0.06000000000000001,7,42,173.0,5.0,True,False,696.0024,159.20048
8,219.0,1473.31,6.727442922374429,0.0,0.0,176.0,55473.04,315.1877272727273,0.0,0.0,84.0,0.0,0.0,0.0,8,53,150.0,4.0,False,True,0.0,70.0
9,856.0,5589.68,6.53,1590.75,47.7225,386.0,187237.74,485.0718652849741,64357.740000000005,700.0,0.0,0.0,0.0,0.0,9,19,253.0,8.0,True,False,747.7225,113.4653125
10,713.0,4788.86,6.7164936886395505,637.13,19.1139,409.0,137342.24,335.800097799511,13843.52,170.0,0.0,0.0,0.0,0.0,10,52,246.0,8.0,True,False,189.1139,41.012655555555554
11,413.0,2744.87,6.646174334140436,0.0,0.0,410.0,131778.6,321.41121951219515,0.0,0.0,371.0,0.0,0.0,0.0,11,73,347.0,11.0,False,True,0.0,70.0
12,26.0,143.73,5.528076923076923,0.0,0.0,58.0,25811.97,445.0339655172414,0.0,0.0,0.0,0.0,0.0,0.0,12,59,186.0,6.0,True,False,0.0,20.0
13,35.0,203.37,5.8105714285714285,0.0,0.0,67.0,20113.92,300.20776119402984,0.0,0.0,16.0,0.0,0.0,0.0,13,50,30.0,0.0,False,True,0.0,70.0
14,178.0,1199.95,6.741292134831461,550.6199999999999,16.518599999999996,20.0,8968.0,448.4,0.0,0.0,73.0,14.0,0.42,0.21,14,61,36.0,1.0,True,False,16.938599999999997,28.469299999999997
15,16.0,89.49,5.593125,0.0,0.0,39.0,17495.12,448.5928205128205,2135.119999999999,30.0,68.0,18.0,0.54,0.54,15,26,26.0,0.0,True,False,30.54,50.54
16,228.0,1562.3,6.85219298245614,400.05999999999995,12.001799999999998,114.0,59359.25,520.6951754385965,24969.340000000004,260.0,95.0,0.0,0.0,0.0,16,30,67.0,2.0,True,False,272.0018,110.66726666666668
17,266.0,1579.81,5.9391353383458645,0.0,0.0,281.0,95315.31999999999,339.2004270462633,31746.790000000005,340.0,152.0,0.0,0.0,0.0,17,61,127.0,4.0,True,False,340.0,88.0
18,182.0,1223.45,6.722252747252748,101.88,3.0563999999999996,126.0,41379.43,328.4081746031746,2030.5499999999993,30.0,16.0,0.0,0.0,0.0,18,70,75.0,2.0,True,False,33.0564,31.0188
19,66.0,483.36,7.323636363636364,0.0,0.0,96.0,31140.68,324.38208333333336,12767.77,130.0,152.0,78.0,2.34,1.17,19,34,349.0,11.0,True,False,132.34,86.17
20,125.0,881.02,7.04816,0.0,0.0,102.0,31749.420000000002,311.2688235294118,4389.080000000002,50.0,4.0,0.0,0.0,0.0,20,56,53.0,1.0,True,False,50.0,45.0
21,52.0,378.27,7.274423076923076,0.0,0.0,16.0,6084.63,380.289375,0.0,0.0,0.0,0.0,0.0,0.0,21,37,10.0,0.0,True,False,0.0,20.0
22,568.0,3837.67,6.756461267605634,195.0999999999999,5.852999999999997,463.0,133170.78,287.6258747300216,27411.32,290.0,0.0,0.0,0.0,0.0,22,73,255.0,8.0,True,False,295.853,56.981625
23,18.0,106.78999999999999,5.932777777777777,0.0,0.0,47.0,19088.76,406.143829787234,0.0,0.0,11.0,0.0,0.0,0.0,23,70,42.0,1.0,True,False,0.0,20.0
24,80.0,530.02,6.625249999999999,30.019999999999982,0.9005999999999994,33.0,10807.37,327.4960606060606,0.0,0.0,0.0,0.0,0.0,0.0,24,74,132.0,4.0,True,False,0.9005999999999994,20.9006
25,0.0,0.0,0.0,0.0,0.0,0.0,0.0,0.0,0.0,0.0,0.0,0.0,0.0,0.0,25,64,0.0,0.0,False,True,0.0,70.0
26,57.0,335.64,5.888421052631578,0.0,0.0,40.0,13224.460000000001,330.61150000000004,0.0,0.0,22.0,0.0,0.0,0.0,26,49,27.0,1.0,False,True,0.0,70.0
27,306.0,2014.79,6.584281045751634,0.0,0.0,280.0,92095.44,328.9122857142857,7186.699999999997,80.0,78.0,0.0,0.0,0.0,27,38,188.0,6.0,True,False,80.0,33.333333333333336
28,73.0,488.46,6.691232876712329,0.0,0.0,752.0,390159.35,518.8289228723404,74523.69,560.0,756.0,0.0,0.0,0.0,28,57,313.0,10.0,False,True,560.0,120.9090909090909
29,390.0,2611.37,6.695820512820513,570.74,17.1222,197.0,67200.36,341.11857868020303,7932.130000000001,90.0,50.0,0.0,0.0,0.0,29,59,360.0,11.0,True,False,107.12219999999999,41.424440000000004
30,216.0,1279.24,5.922407407407407,0.0,0.0,144.0,43516.14,302.1954166666667,0.0,0.0,30.0,0.0,0.0,0.0,30,30,320.0,10.0,False,True,0.0,70.0
31,408.0,2774.77,6.800906862745098,0.0,0.0,294.0,92871.68,315.8900680272109,0.0,0.0,14.0,0.0,0.0,0.0,31,52,169.0,5.0,False,True,0.0,70.0
32,134.0,1018.81,7.603059701492537,0.0,0.0,100.0,28759.75,287.5975,0.0,0.0,42.0,0.0,0.0,0.0,32,59,207.0,6.0,False,True,0.0,70.0
33,348.0,2402.96,6.905057471264368,0.0,0.0,240.0,81915.41,341.31420833333334,0.0,0.0,108.0,0.0,0.0,0.0,33,28,215.0,7.0,False,True,0.0,70.0
34,2.0,5.3100000000000005,2.6550000000000002,0.0,0.0,2.0,997.42,498.71,0.0,0.0,4.0,0.0,0.0,0.0,34,22,2.0,0.0,True,False,0.0,20.0
35,74.0,591.96,7.99945945945946,91.96000000000004,2.758800000000001,46.0,15500.04,336.9573913043478,140.04000000000087,10.0,66.0,16.0,0.48,0.48,35,67,23.0,0.0,True,False,13.238800000000001,33.2388
36,414.0,2648.38,6.397053140096618,0.0,0.0,241.0,78099.96,324.0662240663901,0.0,0.0,438.0,0.0,0.0,0.0,36,70,226.0,7.0,False,True,0.0,70.0
37,67.0,437.65999999999997,6.532238805970149,0.0,0.0,44.0,14370.44,326.6009090909091,0.0,0.0,44.0,0.0,0.0,0.0,37,20,142.0,4.0,False,True,0.0,70.0
38,171.0,1006.29,5.884736842105263,0.0,0.0,213.0,105265.85,494.20586854460095,21526.35,161.0,255.0,0.0,0.0,0.0,38,32,189.0,6.0,False,True,161.0,123.66666666666666
39,462.0,3037.61,6.57491341991342,0.0,0.0,397.0,127823.39,321.97327455919395,0.0,0.0,147.0,0.0,0.0,0.0,39,56,215.0,7.0,False,True,0.0,70.0
40,43.0,280.93,6.533255813953488,0.0,0.0,38.0,16961.4,446.3526315789474,1601.4000000000015,20.0,0.0,0.0,0.0,0.0,40,72,8.0,0.0,True,False,20.0,40.0
41,510.0,3474.59,6.812921568627451,0.0,0.0,632.0,191599.12,303.16316455696204,0.0,0.0,0.0,0.0,0.0,0.0,41,58,289.0,9.0,False,True,0.0,70.0
42,503.0,3454.4,6.867594433399603,0.0,0.0,191.0,89795.43,470.1331413612565,0.0,0.0,0.0,0.0,0.0,0.0,42,40,350.0,11.0,True,False,0.0,20.0
43,182.0,1242.27,6.825659340659341,0.0,0.0,397.0,204237.44,514.4519899244333,13104.05,98.0,599.0,0.0,0.0,0.0,43,42,194.0,6.0,False,True,98.0,84.0
44,158.0,1096.11,6.937405063291139,0.0,0.0,161.0,83106.74,516.1909316770186,21666.739999999998,250.0,160.0,0.0,0.0,0.0,44,74,123.0,4.0,True,False,250.0,82.5
45,216.0,1413.01,6.541712962962963,124.44999999999993,3.7334999999999976,174.0,51062.25,293.46120689655174,11163.5,120.0,130.0,0.0,0.0,0.0,45,20,77.0,2.0,True,False,123.73349999999999,61.2445
46,518.0,3312.11,6.394034749034749,148.21000000000004,4.446300000000001,447.0,147555.67,330.1021700223714,46325.84,480.0,238.0,1.0,0.03,0.004285714285714286,46,67,315.0,10.0,True,False,484.4763,89.2109
47,48.0,349.48,7.280833333333334,0.0,0.0,52.0,17146.8,329.74615384615385,0.0,0.0,7.0,0.0,0.0,0.0,47,22,198.0,6.0,False,True,0.0,70.0
48,133.0,905.25,6.806390977443609,0.0,0.0,136.0,43302.69,318.4021323529412,0.0,0.0,0.0,0.0,0.0,0.0,48,42,129.0,4.0,True,False,0.0,20.0
49,396.0,2688.88,6.790101010101011,0.0,0.0,233.0,74030.83,317.7288841201717,0.0,0.0,0.0,0.0,0.0,0.0,49,25,313.0,10.0,True,False,0.0,20.0
50,523.0,3336.07,6.378718929254302,0.0,0.0,490.0,155991.0,318.3489795918367,0.0,0.0,0.0,0.0,0.0,0.0,50,23,286.0,9.0,False,True,0.0,70.0
51,29.0,164.92000000000002,5.686896551724138,0.0,0.0,30.0,10369.73,345.65766666666667,0.0,0.0,60.0,10.0,0.3,0.3,51,55,20.0,0.0,True,False,0.3,20.3
52,204.0,1333.32,6.535882352941176,636.0,19.08,64.0,31284.15,488.81484375,11273.75,120.0,318.0,218.0,6.539999999999999,3.2699999999999996,52,47,301.0,9.0,True,False,145.62,92.81
53,296.0,2046.21,6.912871621621622,0.0,0.0,301.0,97132.25,322.6985049833887,19476.68,220.0,75.0,0.0,0.0,0.0,53,27,154.0,5.0,True,False,220.0,56.666666666666664
54,312.0,2103.11,6.74073717948718,0.0,0.0,527.0,171648.65,325.7090132827324,40537.21,440.0,246.0,0.0,0.0,0.0,54,50,254.0,8.0,True,False,440.0,68.88888888888889
55,264.0,1814.32,6.872424242424242,0.0,0.0,338.0,113585.68000000001,336.0523076923077,4793.92,70.0,608.0,210.0,6.3,0.7875,55,52,352.0,11.0,True,False,76.3,29.5375
56,264.0,1841.32,6.97469696969697,0.0,0.0,327.0,103250.11,315.74957186544344,23355.39,260.0,186.0,0.0,0.0,0.0,56,33,305.0,9.0,True,False,260.0,63.333333333333336
57,500.0,3277.49,6.55498,0.0,0.0,175.0,91832.66,524.7580571428572,4370.019999999997,35.0,400.0,0.0,0.0,0.0,57,18,146.0,4.0,False,True,35.0,78.75
58,164.0,1148.86,7.005243902439024,148.86,4.4658,67.0,17019.15,254.0171641791045,0.0,0.0,55.0,0.0,0.0,0.0,58,59,55.0,1.0,True,False,4.4658,22.2329
59,833.0,6006.06,7.2101560624249705,0.0,0.0,389.0,120820.2,310.5917737789203,0.0,0.0,533.0,0.0,0.0,0.0,59,34,253.0,8.0,False,True,0.0,70.0
60,440.0,3007.15,6.834431818181819,555.95,16.6785,212.0,107380.33,506.5109905660377,33400.91,350.0,330.0,92.0,2.76,0.5519999999999999,60,53,268.0,8.0,True,False,369.4385,93.8877
61,702.0,4660.8,6.63931623931624,0.0,0.0,527.0,171688.77,325.7851423149905,0.0,0.0,522.0,0.0,0.0,0.0,61,38,298.0,9.0,False,True,0.0,70.0
62,360.0,2335.11,6.486416666666667,0.0,0.0,464.0,148236.62,319.47547413793103,0.0,0.0,80.0,0.0,0.0,0.0,62,41,328.0,10.0,False,True,0.0,70.0
63,22.0,158.24,7.192727272727273,0.0,0.0,58.0,20931.24,360.8834482758621,0.0,0.0,0.0,0.0,0.0,0.0,63,60,42.0,1.0,False,True,0.0,70.0
64,490.0,3229.99,6.591816326530612,232.94000000000005,6.988200000000002,352.0,112989.09,320.99173295454545,14415.529999999997,160.0,133.0,0.0,0.0,0.0,64,46,211.0,6.0,True,False,166.9882,43.85545714285715
65,268.0,1925.68,7.1853731343283584,284.1600000000001,8.524800000000003,208.0,64225.1,308.7745192307692,8992.05,100.0,100.0,0.0,0.0,0.0,65,26,150.0,4.0,True,False,108.5248,47.1312
66,597.0,4042.38,6.771155778894473,0.0,0.0,587.0,194480.2,331.31209540034075,42548.71000000001,470.0,336.0,0.0,0.0,0.0,66,61,298.0,9.0,True,False,470.0,67.0
67,177.0,1232.88,6.96542372881356,0.0,0.0,185.0,60979.41,329.6184324324324,10986.520000000002,130.0,99.0,0.0,0.0,0.0,67,37,98.0,3.0,True,False,130.0,52.5
68,248.0,1716.6,6.921774193548386,0.0,0.0,366.0,113393.52,309.8183606557377,5991.869999999999,70.0,0.0,0.0,0.0,0.0,68,47,336.0,11.0,True,False,70.0,28.75
69,295.0,2005.57,6.798542372881355,0.0,0.0,148.0,46150.44,311.8272972972973,0.0,0.0,370.0,0.0,0.0,0.0,69,31,105.0,3.0,False,True,0.0,70.0
70,45.0,297.04,6.600888888888889,0.0,0.0,46.0,15401.48,334.8147826086956,41.47999999999956,10.0,17.0,0.0,0.0,0.0,70,66,233.0,7.0,True,False,10.0,30.0
71,492.0,3354.34,6.817764227642277,66.75000000000006,2.0025000000000017,355.0,112746.7,317.596338028169,9481.41,110.0,0.0,0.0,0.0,0.0,71,29,222.0,7.0,True,False,112.0025,34.0003125
72,442.0,2903.36,6.56868778280543,218.66999999999996,6.5600999999999985,331.0,164408.85,496.7034743202417,72248.85,740.0,94.0,0.0,0.0,0.0,72,66,172.0,5.0,True,False,746.5601,144.42668333333333
73,358.0,2472.99,6.907793296089385,0.0,0.0,399.0,128858.63,322.9539598997494,2682.2299999999996,40.0,0.0,0.0,0.0,0.0,73,30,269.0,8.0,True,False,40.0,24.444444444444443
74,101.0,684.92,6.781386138613861,0.0,0.0,38.0,11669.33,307.08763157894737,0.0,0.0,0.0,0.0,0.0,0.0,74,69,35.0,1.0,False,True,0.0,70.0
75,100.0,647.82,6.4782,0.0,0.0,94.0,45642.87,485.5624468085107,0.0,0.0,244.0,46.0,1.38,0.345,75,35,147.0,4.0,True,False,1.38,20.345
76,278.0,1770.87,6.370035971223021,0.0,0.0,219.0,106836.15,487.836301369863,29922.409999999996,320.0,740.0,481.0,14.43,2.405,76,51,155.0,5.0,True,False,334.43,75.73833333333334
77,1224.0,8024.09,6.55562908496732,0.0,0.0,454.0,228772.19,503.90350220264315,0.0,0.0,804.0,0.0,0.0,0.0,77,23,351.0,11.0,False,True,0.0,70.0
78,30.0,168.7,5.623333333333333,0.0,0.0,61.0,20678.28,338.98819672131145,0.0,0.0,68.0,0.0,0.0,0.0,78,47,323.0,10.0,True,False,0.0,20.0
79,522.0,3575.19,6.849022988505747,1037.34,31.120199999999997,274.0,85673.28,312.676204379562,10507.82,120.0,396.0,139.0,4.17,0.695,79,48,339.0,11.0,True,False,155.2902,45.881699999999995
80,0.0,0.0,0.0,0.0,0.0,276.0,134284.33,486.53742753623186,57484.33,610.0,265.0,34.0,1.02,0.20400000000000001,80,45,150.0,4.0,True,False,611.02,142.204
81,267.0,1775.22,6.64876404494382,0.0,0.0,391.0,128554.92,328.78496163682865,8517.55,110.0,231.0,0.0,0.0,0.0,81,44,248.0,8.0,True,False,110.0,32.22222222222222
82,765.0,5088.37,6.651464052287581,909.3000000000001,27.279,284.0,144900.36,510.21253521126755,19876.589999999997,220.0,243.0,0.0,0.0,0.0,82,64,260.0,8.0,True,False,247.279,47.47544444444444
83,112.0,892.87,7.972053571428572,4.28000000000003,0.12840000000000087,118.0,41719.78,353.55745762711865,8088.75,90.0,24.0,0.0,0.0,0.0,83,65,66.0,2.0,True,False,90.1284,50.0428
84,255.0,1745.18,6.843843137254902,526.49,15.7947,188.0,56279.67,299.35994680851064,17726.559999999998,190.0,210.0,74.0,2.2199999999999998,0.7399999999999999,84,21,210.0,6.0,True,False,208.0147,89.33823333333333
85,290.0,2020.03,6.9656206896551724,0.0,0.0,285.0,97308.64,341.4338245614035,0.0,0.0,0.0,0.0,0.0,0.0,85,48,165.0,5.0,False,True,0.0,70.0
86,46.0,317.21999999999997,6.896086956521739,0.0,0.0,73.0,24775.81,339.3946575342466,0.0,0.0,74.0,0.0,0.0,0.0,86,36,352.0,11.0,False,True,0.0,70.0
87,74.0,552.78,7.47,0.0,0.0,52.0,19212.9,369.4788461538462,0.0,0.0,65.0,0.0,0.0,0.0,87,45,43.0,1.0,True,False,0.0,20.0
88,211.0,1522.51,7.215687203791469,0.0,0.0,384.0,116574.92,303.5805208333333,0.0,0.0,358.0,0.0,0.0,0.0,88,64,218.0,7.0,False,True,0.0,70.0
89,0.0,0.0,0.0,0.0,0.0,50.0,16597.91,331.9582,1237.9099999999999,20.0,27.0,0.0,0.0,0.0,89,70,119.0,3.0,True,False,20.0,40.0
90,403.0,2586.73,6.418684863523573,0.0,0.0,414.0,141320.23,341.3532125603865,27479.03,300.0,189.0,0.0,0.0,0.0,90,30,233.0,7.0,True,False,300.0,57.5
91,114.0,796.43,6.9862280701754385,0.0,0.0,21.0,10035.01,477.85761904761904,0.0,0.0,86.0,0.0,0.0,0.0,91,38,206.0,6.0,False,True,0.0,70.0
92,74.0,579.09,7.825540540540541,79.09000000000003,2.372700000000001,43.0,22419.61,521.3862790697675,7059.610000000001,80.0,19.0,0.0,0.0,0.0,92,26,21.0,0.0,True,False,82.3727,102.3727
93,37.0,230.96,6.242162162162162,0.0,0.0,17.0,4837.79,284.57588235294116,0.0,0.0,17.0,0.0,0.0,0.0,93,69,14.0,0.0,True,False,0.0,20.0
94,249.0,1607.34,6.455180722891566,607.3399999999999,18.2202,101.0,54134.32,535.9833663366337,21685.61,230.0,99.0,0.0,0.0,0.0,94,54,62.0,2.0,True,False,248.2202,102.74006666666668
95,170.0,1026.75,6.0397058823529415,0.0,0.0,378.0,127592.69,337.54679894179895,6674.240000000002,90.0,95.0,0.0,0.0,0.0,95,55,254.0,8.0,True,False,90.0,30.0
96,21.0,132.23,6.296666666666666,0.0,0.0,18.0,7159.74,397.7633333333333,0.0,0.0,14.0,0.0,0.0,0.0,96,28,9.0,0.0,False,True,0.0,70.0
97,440.0,2860.15,6.50034090909091,682.62,20.4786,223.0,73113.4,327.86278026905825,10856.04,120.0,0.0,0.0,0.0,0.0,97,27,308.0,10.0,True,False,140.4786,48.09572
98,345.0,2286.65,6.627971014492754,121.41999999999996,3.6425999999999985,262.0,137756.97,525.7899618320611,60956.97,630.0,426.0,176.0,5.279999999999999,1.0559999999999998,98,33,139.0,4.0,True,False,638.9226,147.78452
99,761.0,5079.93,6.67533508541393,382.29,11.4687,549.0,171442.81,312.281985428051,20523.9,240.0,239.0,0.0,0.0,0.0,99,48,308.0,10.0,True,False,251.4687,42.86079090909091
100,230.0,1555.39,6.7625652173913045,0.0,0.0,312.0,97397.07,312.1700961538462,20841.95,230.0,265.0,37.0,1.1099999999999999,0.22199999999999998,100,65,321.0,10.0,True,False,231.11,66.22200000000001
101,477.0,3307.1,6.933123689727463,0.0,0.0,327.0,112918.03,345.3150764525994,2392.84,30.0,648.0,229.0,6.87,0.7633333333333333,101,27,326.0,10.0,True,False,36.87,24.096666666666668
102,60.0,407.73,6.7955000000000005,0.0,0.0,20.0,6491.35,324.5675,0.0,0.0,45.0,0.0,0.0,0.0,102,30,314.0,10.0,False,True,0.0,70.0
103,235.0,1600.51,6.81068085106383,0.0,0.0,290.0,91026.96,313.88606896551727,16025.300000000003,170.0,140.0,0.0,0.0,0.0,103,28,183.0,5.0,True,False,170.0,54.0
104,4.0,8.73,2.1825,0.0,0.0,25.0,9360.99,374.4396,0.0,0.0,25.0,0.0,0.0,0.0,104,20,8.0,0.0,False,True,0.0,70.0
105,306.0,2026.64,6.623006535947713,613.5799999999999,18.407399999999996,59.0,32589.41,552.3628813559322,0.0,0.0,243.0,97.0,2.91,0.9700000000000001,105,57,357.0,11.0,True,False,21.317399999999996,27.1058
106,563.0,3772.9700000000003,6.701545293072825,202.43000000000006,6.0729000000000015,511.0,168961.82,330.64935420743643,48185.71,510.0,0.0,0.0,0.0,0.0,106,47,235.0,7.0,True,False,516.0729,84.5091125
107,55.0,357.34,6.497090909090908,0.0,0.0,80.0,23632.23,295.402875,0.0,0.0,65.0,0.0,0.0,0.0,107,61,46.0,1.0,False,True,0.0,70.0
108,0.0,0.0,0.0,0.0,0.0,2.0,233.17,116.585,0.0,0.0,0.0,0.0,0.0,0.0,108,45,1.0,0.0,False,True,0.0,70.0
109,576.0,3977.6,6.905555555555555,113.95000000000005,3.418500000000001,320.0,109740.51,342.93909375,4645.700000000001,50.0,0.0,0.0,0.0,0.0,109,41,318.0,10.0,True,False,53.4185,25.935388888888887
110,432.0,2852.62,6.6032870370370365,3.2800000000000296,0.09840000000000089,498.0,163687.8,328.6903614457831,48920.19,510.0,416.0,70.0,2.1,0.2625,110,65,255.0,8.0,True,False,512.1984,84.0248
111,140.0,1076.69,7.690642857142858,0.0,0.0,103.0,55165.48,535.5871844660195,3654.470000000001,40.0,322.0,128.0,3.84,0.96,111,75,105.0,3.0,True,False,43.84,30.96
112,309.0,2257.21,7.304886731391586,0.0,0.0,115.0,35529.08,308.94852173913046,0.0,0.0,114.0,0.0,0.0,0.0,112,18,84.0,2.0,False,True,0.0,70.0
113,471.0,3284.67,6.973821656050956,0.0,0.0,293.0,95763.87,326.83914675767915,0.0,0.0,277.0,0.0,0.0,0.0,113,27,210.0,6.0,False,True,0.0,70.0
114,517.0,3554.58,6.875396518375242,831.46,24.9438,199.0,102347.34,514.3082412060302,20654.58,230.0,464.0,185.0,5.549999999999999,0.9249999999999998,114,55,163.0,5.0,True,False,260.4938,63.41563333333333
115,159.0,1159.47,7.292264150943397,333.70000000000005,10.011000000000001,73.0,24407.38,334.34767123287673,3519.209999999999,40.0,152.0,69.0,2.07,1.035,115,21,42.0,1.0,True,False,52.081,46.0405
116,49.0,345.44,7.049795918367347,0.0,0.0,44.0,15068.74,342.4713636363636,0.0,0.0,19.0,0.0,0.0,0.0,116,60,23.0,0.0,True,False,0.0,20.0
117,360.0,2610.2,7.250555555555555,0.0,0.0,421.0,140928.97,334.74814726840856,32056.97,350.0,0.0,0.0,0.0,0.0,117,49,341.0,11.0,True,False,350.0,63.75
118,115.0,862.78,7.502434782608695,362.78,10.883399999999998,29.0,15963.98,550.4820689655172,603.9799999999996,10.0,17.0,0.0,0.0,0.0,118,28,23.0,0.0,True,False,20.883399999999998,40.883399999999995
119,186.0,1153.95,6.204032258064516,0.0,0.0,6.0,3312.99,552.165,0.0,0.0,366.0,216.0,6.4799999999999995,2.1599999999999997,119,60,87.0,2.0,True,False,6.4799999999999995,22.16
120,475.0,3306.0,6.96,0.0,0.0,384.0,194813.98,507.3280729166667,56573.98,610.0,417.0,8.0,0.24,0.026666666666666665,120,33,272.0,8.0,True,False,610.24,87.80444444444444
121,0.0,0.0,0.0,0.0,0.0,138.0,68100.54,493.4821739130434,51503.89,520.0,98.0,47.0,1.41,0.705,121,34,293.0,9.0,True,False,521.41,280.705
122,480.0,3151.6,6.565833333333333,0.0,0.0,460.0,152135.65,330.7296739130435,33702.0,370.0,160.0,0.0,0.0,0.0,122,57,302.0,9.0,True,False,370.0,66.25
123,504.0,3195.51,6.34029761904762,307.51,9.2253,420.0,139803.89,332.8664047619048,45877.13,490.0,182.0,0.0,0.0,0.0,123,66,256.0,8.0,True,False,499.2253,91.3179
124,171.0,1178.22,6.890175438596492,0.0,0.0,27.0,16080.22,595.5637037037037,0.0,0.0,219.0,0.0,0.0,0.0,124,48,315.0,10.0,False,True,0.0,70.0
125,65.0,489.51,7.530923076923076,0.0,0.0,69.0,22697.1,328.94347826086954,7337.0999999999985,80.0,54.0,4.0,0.12,0.12,125,39,137.0,4.0,True,False,80.12,100.12
126,850.0,5800.05,6.8235882352941175,0.0,0.0,356.0,183729.34,516.0936516853933,3587.1600000000035,28.0,569.0,0.0,0.0,0.0,126,68,212.0,6.0,False,True,28.0,74.0
127,199.0,1407.08,7.070753768844221,0.0,0.0,469.0,151919.03,323.9211727078891,52002.1,550.0,76.0,0.0,0.0,0.0,127,28,191.0,6.0,True,False,550.0,98.57142857142857
128,49.0,357.25,7.290816326530612,0.0,0.0,369.0,124760.04,338.1030894308943,0.0,0.0,294.0,0.0,0.0,0.0,128,41,340.0,11.0,False,True,0.0,70.0
129,0.0,0.0,0.0,0.0,0.0,0.0,0.0,0.0,0.0,0.0,0.0,0.0,0.0,0.0,129,70,0.0,0.0,True,False,0.0,20.0
130,260.0,1717.72,6.606615384615385,54.17999999999995,1.6253999999999984,202.0,65214.71,322.845099009901,7906.450000000001,90.0,336.0,136.0,4.08,1.02,130,27,228.0,7.0,True,False,95.7054,43.92635
131,0.0,0.0,0.0,0.0,0.0,230.0,115737.76,503.207652173913,7371.369999999999,90.0,216.0,0.0,0.0,0.0,131,60,358.0,11.0,True,False,90.0,31.25
132,814.0,5546.62,6.814029484029484,0.0,0.0,420.0,213787.95,509.0189285714286,0.0,0.0,1288.0,0.0,0.0,0.0,132,39,261.0,8.0,False,True,0.0,70.0
133,200.0,1366.64,6.833200000000001,0.0,0.0,253.0,83193.17,328.8267588932806,0.0,0.0,455.0,0.0,0.0,0.0,133,50,163.0,5.0,False,True,0.0,70.0
134,144.0,929.65,6.455902777777777,0.0,0.0,243.0,81335.59,334.7143621399177,19895.59,210.0,61.0,0.0,0.0,0.0,134,71,119.0,3.0,True,False,210.0,72.5
135,17.0,133.8,7.870588235294118,0.0,0.0,12.0,6921.2,576.7666666666667,0.0,0.0,0.0,0.0,0.0,0.0,135,51,7.0,0.0,False,True,0.0,70.0
136,136.0,916.62,6.739852941176471,0.0,0.0,160.0,55522.3,347.01437500000003,13013.66,140.0,127.0,9.0,0.27,0.09000000000000001,136,25,78.0,2.0,True,False,140.27,66.75666666666666
137,0.0,0.0,0.0,0.0,0.0,39.0,16833.26,431.62205128205125,0.0,0.0,168.0,20.0,0.6,0.19999999999999998,137,20,90.0,2.0,True,False,0.6,20.2
138,599.0,4002.2,6.6814691151919865,16.120000000000005,0.48360000000000014,634.0,207230.1,326.861356466877,45545.75,510.0,120.0,0.0,0.0,0.0,138,66,309.0,10.0,True,False,510.4836,66.4076
139,66.0,465.04,7.046060606060607,0.0,0.0,49.0,24282.45,495.56020408163266,1282.1899999999987,20.0,82.0,6.0,0.18,0.09,139,66,43.0,1.0,True,False,20.18,30.09
140,455.0,3304.02,7.261582417582417,819.87,24.5961,287.0,89300.68,311.1521951219512,15466.71,170.0,65.0,0.0,0.0,0.0,140,53,233.0,8.0,True,False,194.5961,52.43268333333333
141,716.0,4898.71,6.84177374301676,1770.17,53.1051,318.0,98182.88,308.7511949685535,6562.980000000003,80.0,120.0,0.0,0.0,0.0,141,46,188.0,6.0,True,False,133.1051,39.01501428571429
142,236.0,1620.82,6.867881355932203,0.0,0.0,245.0,76552.43,312.4588979591837,10836.000000000002,120.0,181.0,0.0,0.0,0.0,142,18,130.0,4.0,True,False,120.0,44.0
143,0.0,0.0,0.0,0.0,0.0,0.0,0.0,0.0,0.0,0.0,0.0,0.0,0.0,0.0,143,69,0.0,0.0,True,False,0.0,20.0
144,630.0,4382.09,6.955698412698413,0.0,0.0,557.0,275045.28,493.79763016157995,30803.049999999996,224.0,601.0,0.0,0.0,0.0,144,65,254.0,8.0,False,True,224.0,94.88888888888889
145,371.0,2348.74,6.330835579514824,0.0,0.0,395.0,121862.41,308.51243037974683,21403.540000000005,240.0,448.0,104.0,3.12,0.44571428571428573,145,29,263.0,8.0,True,False,243.12,54.73142857142857
146,164.0,1064.85,6.492987804878048,0.0,0.0,154.0,49409.76,320.8425974025974,7028.299999999999,80.0,238.0,95.0,2.85,0.9500000000000001,146,42,79.0,2.0,True,False,82.85,47.61666666666667
147,876.0,5822.43,6.6466095890410966,1822.43,54.6729,496.0,257374.65,518.900504032258,134494.65,1390.0,203.0,0.0,0.0,0.0,147,71,245.0,8.0,True,False,1444.6729,200.5841125
148,148.0,1002.6,6.774324324324325,80.92999999999995,2.4278999999999984,100.0,31554.9,315.54900000000004,2472.130000000001,30.0,123.0,26.0,0.78,0.39,148,67,57.0,1.0,True,False,33.207899999999995,36.60395
149,244.0,1692.35,6.935860655737705,67.86000000000001,2.0358000000000005,110.0,35038.4,318.5309090909091,0.0,0.0,0.0,0.0,0.0,0.0,149,54,303.0,9.0,True,False,2.0358000000000005,20.50895
150,266.0,1624.44,6.106917293233083,0.0,0.0,139.0,50323.71,362.04107913669066,0.0,0.0,0.0,0.0,0.0,0.0,150,46,103.0,3.0,False,True,0.0,70.0
151,370.0,2367.7400000000002,6.399297297297298,285.87,8.5761,196.0,69502.66,354.60540816326534,6486.010000000002,80.0,260.0,37.0,1.1099999999999999,0.22199999999999998,151,21,286.0,9.0,True,False,89.6861,37.937219999999996
152,198.0,1302.2,6.576767676767677,302.20000000000005,9.066000000000003,107.0,32695.25,305.5630841121495,1975.25,30.0,0.0,0.0,0.0,0.0,152,35,60.0,1.0,True,False,39.066,39.533
153,555.0,3993.02,7.1946306306306305,754.66,22.639799999999997,279.0,86734.12,310.874982078853,5254.489999999998,60.0,0.0,0.0,0.0,0.0,153,30,195.0,6.0,True,False,82.6398,31.805685714285715
154,114.0,851.23,7.4669298245614035,0.0,0.0,144.0,46850.22,325.34875,0.0,0.0,225.0,0.0,0.0,0.0,154,53,166.0,5.0,False,True,0.0,70.0
155,336.0,2318.49,6.900267857142857,0.0,0.0,419.0,226437.93,540.4246539379475,0.0,0.0,355.0,0.0,0.0,0.0,155,19,313.0,10.0,False,True,0.0,70.0
156,576.0,3845.58,6.676354166666666,179.52999999999997,5.3858999999999995,510.0,171285.53,335.85398039215687,39762.91,430.0,0.0,0.0,0.0,0.0,156,71,281.0,9.0,True,False,435.3859,68.3762111111111
157,372.0,2440.75,6.561155913978495,0.0,0.0,185.0,59579.82,322.0530810810811,38.11000000000058,10.0,0.0,0.0,0.0,0.0,157,63,182.0,5.0,True,False,10.0,21.666666666666668
158,61.0,451.36,7.399344262295082,0.0,0.0,65.0,21244.74,326.84215384615385,0.0,0.0,0.0,0.0,0.0,0.0,158,20,31.0,1.0,False,True,0.0,70.0
159,580.0,4101.6,7.071724137931035,0.0,0.0,133.0,67081.84,504.3747368421052,0.0,0.0,490.0,0.0,0.0,0.0,159,58,163.0,5.0,False,True,0.0,70.0
160,693.0,4864.0,7.0187590187590185,649.2900000000001,19.4787,537.0,167495.68,311.9100186219739,38049.72,420.0,135.0,0.0,0.0,0.0,160,44,329.0,10.0,True,False,439.4787,68.83096666666665
161,108.0,789.55,7.310648148148148,0.0,0.0,48.0,14655.96,305.3325,0.0,0.0,2.0,0.0,0.0,0.0,161,52,34.0,1.0,False,True,0.0,70.0
162,156.0,1018.99,6.53198717948718,0.0,0.0,138.0,47883.79,346.98398550724636,0.0,0.0,96.0,0.0,0.0,0.0,162,20,172.0,5.0,False,True,0.0,70.0
163,360.0,2495.69,6.932472222222223,0.0,0.0,298.0,95514.71,320.5191610738255,0.0,0.0,30.0,0.0,0.0,0.0,163,27,353.0,11.0,False,True,0.0,70.0
164,468.0,3182.31,6.799807692307692,0.0,0.0,393.0,124410.28,316.5655979643766,0.0,0.0,225.0,0.0,0.0,0.0,164,31,317.0,10.0,False,True,0.0,70.0
165,48.0,298.01,6.208541666666666,0.0,0.0,124.0,38067.99,306.9999193548387,4119.549999999999,50.0,68.0,0.0,0.0,0.0,165,20,65.0,2.0,True,False,50.0,36.66666666666667
166,100.0,720.29,7.2029,0.0,0.0,243.0,84343.07,347.09082304526754,22903.07,250.0,0.0,0.0,0.0,0.0,166,26,237.0,7.0,True,False,250.0,82.5
167,552.0,4100.85,7.429076086956522,506.52999999999986,15.195899999999995,313.0,95237.18,304.27214057507985,782.2900000000009,10.0,344.0,13.0,0.39,0.04875,167,47,269.0,8.0,True,False,25.585899999999995,23.198237499999998
168,41.0,276.28,6.738536585365853,0.0,0.0,25.0,7322.85,292.914,0.0,0.0,14.0,0.0,0.0,0.0,168,58,18.0,0.0,True,False,0.0,20.0
169,105.0,789.82,7.522095238095239,289.82000000000005,8.694600000000001,39.0,17431.28,446.9558974358974,2071.279999999999,30.0,110.0,60.0,1.7999999999999998,1.7999999999999998,169,67,25.0,0.0,True,False,40.494600000000005,60.494600000000005
170,354.0,2436.44,6.882598870056498,852.3100000000001,25.569300000000002,175.0,83908.32,479.47611428571435,30639.08,330.0,32.0,0.0,0.0,0.0,170,18,97.0,3.0,True,False,355.5693,108.892325
171,440.0,3032.85,6.892840909090909,0.0,0.0,716.0,226250.32,315.99206703910613,57290.32,630.0,0.0,0.0,0.0,0.0,171,56,338.0,11.0,True,False,630.0,77.27272727272728
172,400.0,2632.6,6.5815,359.03,10.770899999999997,245.0,128928.23,526.2376734693877,55369.95,580.0,475.0,240.0,7.199999999999999,1.44,172,72,276.0,9.0,True,False,597.9709,139.59418
173,214.0,1516.68,7.087289719626169,102.40999999999997,3.072299999999999,147.0,45654.57,310.575306122449,6224.209999999999,70.0,192.0,33.0,0.99,0.2475,173,27,94.0,3.0,True,False,74.0623,38.515575
174,616.0,4153.7,6.7430194805194805,529.23,15.8769,283.0,142528.17,503.6331095406361,33177.58,370.0,552.0,186.0,5.58,0.6975,174,67,337.0,11.0,True,False,391.4569,68.9321125
175,262.0,1917.74,7.319618320610687,417.74,12.5322,159.0,56448.34,355.02100628930816,10368.34,120.0,97.0,0.0,0.0,0.0,175,25,92.0,3.0,True,False,132.5322,64.1774
176,165.0,1071.11,6.491575757575757,16.75999999999999,0.5027999999999997,204.0,66790.3,327.40343137254905,23617.000000000004,250.0,165.0,40.0,1.2,0.39999999999999997,176,75,89.0,2.0,True,False,251.7028,103.90093333333333
177,111.0,665.63,5.996666666666667,0.0,0.0,121.0,37583.57,310.60801652892565,10552.86,110.0,44.0,0.0,0.0,0.0,177,33,52.0,1.0,True,False,110.0,75.0
178,164.0,1185.45,7.2283536585365855,0.0,0.0,165.0,52288.63,316.90078787878787,9242.18,100.0,136.0,0.0,0.0,0.0,178,53,87.0,2.0,True,False,100.0,53.333333333333336
179,378.0,2479.69,6.560026455026455,62.360000000000014,1.8708000000000002,242.0,77061.9,318.4376033057851,3258.8899999999994,50.0,90.0,0.0,0.0,0.0,179,22,248.0,8.0,True,False,51.8708,28.645133333333334
180,84.0,581.19,6.918928571428572,81.19000000000005,2.4357000000000015,25.0,11829.27,473.17080000000004,0.0,0.0,76.0,26.0,0.78,0.78,180,24,30.0,0.0,True,False,3.215700000000002,23.215700000000002
181,644.0,4545.55,7.058307453416149,472.30999999999995,14.169299999999998,430.0,140574.08,326.916465116279,12803.460000000003,150.0,221.0,0.0,0.0,0.0,181,47,262.0,8.0,True,False,164.1693,38.241033333333334
182,209.0,1541.58,7.3759808612440185,0.0,0.0,443.0,136509.43,308.14769751693,28859.59,310.0,14.0,0.0,0.0,0.0,182,39,216.0,7.0,True,False,310.0,58.75
183,216.0,1364.07,6.315138888888889,197.17000000000007,5.9151000000000025,132.0,45988.88,348.40060606060604,8288.100000000002,90.0,237.0,104.0,3.12,1.04,183,71,164.0,5.0,True,False,99.0351,53.011700000000005
184,90.0,630.58,7.006444444444445,0.0,0.0,22.0,10254.82,466.1281818181818,0.0,0.0,37.0,0.0,0.0,0.0,184,39,299.0,9.0,False,True,0.0,70.0
185,828.0,5524.35,6.6719202898550725,0.0,0.0,851.0,289533.36,340.2272150411281,1472.079999999998,14.0,0.0,0.0,0.0,0.0,185,47,351.0,11.0,False,True,14.0,71.16666666666667
186,17.0,85.11,5.0064705882352944,0.0,0.0,9.0,1948.94,216.54888888888888,0.0,0.0,13.0,0.0,0.0,0.0,186,55,9.0,0.0,False,True,0.0,70.0
187,711.0,5030.19,7.074810126582278,603.73,18.1119,532.0,169628.37,318.85031954887216,32175.590000000004,360.0,90.0,0.0,0.0,0.0,187,49,314.0,10.0,True,False,378.1119,62.012433333333334
188,152.0,983.35,6.469407894736842,0.0,0.0,227.0,74130.37,326.5655066079295,0.0,0.0,176.0,0.0,0.0,0.0,188,31,355.0,11.0,False,True,0.0,70.0
189,154.0,1189.21,7.722142857142857,0.0,0.0,190.0,63813.15,335.85868421052635,13477.7,150.0,134.0,2.0,0.06,0.015,189,75,98.0,3.0,True,False,150.06,57.515
190,28.0,188.8,6.742857142857143,0.0,0.0,49.0,14191.43,289.62102040816325,0.0,0.0,3.0,0.0,0.0,0.0,190,56,152.0,4.0,False,True,0.0,70.0
191,552.0,3528.26,6.391775362318841,0.0,0.0,360.0,117940.91,327.6136388888889,0.0,0.0,104.0,0.0,0.0,0.0,191,75,344.0,11.0,False,True,0.0,70.0
192,240.0,1532.88,6.3870000000000005,125.28999999999996,3.7586999999999993,73.0,23993.71,328.68095890410956,0.0,0.0,84.0,0.0,0.0,0.0,192,36,90.0,2.0,True,False,3.7586999999999993,21.2529
193,186.0,1214.35,6.528763440860215,0.0,0.0,328.0,104627.86,318.9873780487805,13669.230000000003,170.0,358.0,58.0,1.74,0.29,193,18,177.0,5.0,True,False,171.74,48.623333333333335
194,0.0,0.0,0.0,0.0,0.0,281.0,148495.93,528.4552669039145,81351.0,830.0,292.0,82.0,2.46,0.492,194,40,213.0,7.0,True,False,832.46,186.492
195,296.0,2043.69,6.9043581081081085,409.77,12.293099999999999,142.0,47484.0,334.3943661971831,2719.3100000000013,30.0,388.0,213.0,6.39,1.5975,195,60,205.0,6.0,True,False,48.683099999999996,32.170775
196,932.0,6157.67,6.606942060085837,0.0,0.0,536.0,265744.06,495.7911567164179,240.95000000000073,7.0,341.0,0.0,0.0,0.0,196,46,351.0,11.0,False,True,7.0,70.58333333333333
197,198.0,1310.04,6.616363636363636,310.03999999999996,9.301199999999998,85.0,28492.85,335.21,2100.25,30.0,22.0,0.0,0.0,0.0,197,56,56.0,1.0,True,False,39.301199999999994,39.6506
198,216.0,1425.33,6.59875,0.0,0.0,190.0,62513.35,329.0176315789474,8476.599999999999,90.0,36.0,0.0,0.0,0.0,198,69,244.0,7.0,True,False,90.0,42.5
199,344.0,2277.17,6.61968023255814,0.0,0.0,267.0,87322.46,327.05041198501874,0.0,0.0,351.0,0.0,0.0,0.0,199,39,152.0,4.0,False,True,0.0,70.0
200,86.0,604.79,7.0324418604651155,71.02999999999997,2.130899999999999,60.0,19571.37,326.1895,77.13999999999942,10.0,37.0,0.0,0.0,0.0,200,45,34.0,1.0,True,False,12.130899999999999,26.06545
201,451.0,2946.94,6.5342350332594235,93.86000000000001,2.8158000000000003,419.0,205644.03,490.7972076372315,98124.03,1020.0,47.0,0.0,0.0,0.0,201,61,210.0,6.0,True,False,1022.8158,166.11654285714286
202,256.0,1592.78,6.221796875,0.0,0.0,113.0,35154.24,311.09946902654866,0.0,0.0,0.0,0.0,0.0,0.0,202,36,92.0,3.0,False,True,0.0,70.0
203,630.0,4359.63,6.920047619047619,269.21000000000004,8.0763,392.0,134995.18,344.37545918367346,11886.600000000002,140.0,450.0,27.0,0.8099999999999999,0.08099999999999999,203,50,323.0,10.0,True,False,148.8863,34.88863
204,0.0,0.0,0.0,0.0,0.0,118.0,58077.0,492.1779661016949,6010.050000000003,49.0,120.0,0.0,0.0,0.0,204,44,133.0,4.0,False,True,49.0,94.5
205,84.0,663.4399999999999,7.898095238095237,0.0,0.0,93.0,30155.010000000002,324.2474193548387,3968.0200000000004,40.0,106.0,15.0,0.44999999999999996,0.22499999999999998,205,43,270.0,8.0,True,False,40.45,40.225
206,268.0,1838.09,6.858544776119403,0.0,0.0,465.0,152744.81,328.4834623655914,60584.81,640.0,159.0,0.0,0.0,0.0,206,21,175.0,5.0,True,False,640.0,126.66666666666667
207,27.0,165.39000000000001,6.1255555555555565,0.0,0.0,26.0,8278.51,318.40423076923076,0.0,0.0,9.0,0.0,0.0,0.0,207,63,9.0,0.0,True,False,0.0,20.0
208,66.0,478.76,7.253939393939394,0.0,0.0,45.0,16154.29,358.98422222222223,794.2900000000009,10.0,0.0,0.0,0.0,0.0,208,44,167.0,5.0,True,False,10.0,30.0
209,439.0,2851.34,6.495079726651481,773.23,23.1969,166.0,86483.54000000001,520.9851807228916,24848.9,270.0,125.0,0.0,0.0,0.0,209,63,125.0,4.0,True,False,293.1969,78.63938
210,268.0,1798.28,6.71,45.39999999999998,1.3619999999999992,143.0,48893.1,341.9097902097902,0.0,0.0,0.0,0.0,0.0,0.0,210,30,109.0,3.0,True,False,1.3619999999999992,20.3405
211,234.0,1615.48,6.903760683760684,0.0,0.0,252.0,130473.86,517.7534126984127,0.0,0.0,318.0,0.0,0.0,0.0,211,60,184.0,6.0,False,True,0.0,70.0
212,214.0,1451.26,6.781588785046729,0.0,0.0,203.0,66997.1,330.03497536945815,0.0,0.0,168.0,0.0,0.0,0.0,212,36,157.0,5.0,True,False,0.0,20.0
213,92.0,571.94,6.216739130434783,0.0,0.0,48.0,19967.74,415.99458333333337,0.0,0.0,96.0,0.0,0.0,0.0,213,47,36.0,1.0,False,True,0.0,70.0
214,684.0,4515.72,6.601929824561404,0.0,0.0,652.0,207920.48,318.89644171779145,0.0,0.0,180.0,0.0,0.0,0.0,214,34,364.0,11.0,False,True,0.0,70.0
215,400.0,2899.06,7.24765,1116.7,33.501,227.0,119204.97,525.132026431718,57764.97,590.0,340.0,140.0,4.2,1.05,215,70,183.0,5.0,True,False,627.701,176.92525
216,164.0,1081.39,6.593841463414635,0.0,0.0,155.0,48337.83,311.8569677419355,327.8199999999997,10.0,0.0,0.0,0.0,0.0,216,29,195.0,6.0,True,False,10.0,22.5
217,252.0,1651.6399999999999,6.554126984126984,157.51999999999998,4.7256,189.0,62168.01,328.93126984126985,16088.010000000002,170.0,0.0,0.0,0.0,0.0,217,69,210.0,6.0,True,False,174.7256,78.24186666666667
218,42.0,297.31,7.078809523809523,0.0,0.0,41.0,13594.75,331.5792682926829,0.0,0.0,32.0,0.0,0.0,0.0,218,23,349.0,11.0,True,False,0.0,20.0
219,184.0,1248.27,6.784076086956522,248.26999999999998,7.4481,114.0,35269.72,309.3835087719298,11709.02,120.0,42.0,0.0,0.0,0.0,219,51,231.0,7.0,True,False,127.4481,83.72405
220,676.0,4478.86,6.625532544378697,453.88,13.616399999999999,469.0,151471.57,322.9671002132196,28951.649999999998,320.0,276.0,0.0,0.0,0.0,220,26,253.0,8.0,True,False,333.6164,57.06848888888889
221,20.0,100.4,5.0200000000000005,0.0,0.0,28.0,7904.0,282.2857142857143,0.0,0.0,11.0,0.0,0.0,0.0,221,18,14.0,0.0,True,False,0.0,20.0
222,497.0,3530.52,7.103661971830986,518.6,15.558,312.0,111215.18,356.4589102564102,19291.749999999996,220.0,126.0,0.0,0.0,0.0,222,18,187.0,6.0,True,False,235.558,58.88923809523809
223,549.0,3602.55,6.562021857923497,602.55,18.076499999999996,429.0,134215.45,312.85652680652686,42055.45,460.0,154.0,0.0,0.0,0.0,223,37,179.0,5.0,True,False,478.0765,99.67941666666667
224,137.0,845.86,6.174160583941606,0.0,0.0,228.0,81533.95,357.60504385964913,0.0,0.0,230.0,0.0,0.0,0.0,224,74,117.0,4.0,False,True,0.0,70.0
225,65.0,467.3,7.189230769230769,0.0,0.0,49.0,14304.55,291.9295918367347,0.0,0.0,0.0,0.0,0.0,0.0,225,41,207.0,6.0,True,False,0.0,20.0
226,420.0,2709.92,6.452190476190476,0.0,0.0,319.0,104479.42,327.52169278996865,0.0,0.0,0.0,0.0,0.0,0.0,226,64,291.0,9.0,False,True,0.0,70.0
227,55.0,336.33,6.115090909090909,0.0,0.0,67.0,18651.59,278.38194029850746,3291.59,40.0,27.0,0.0,0.0,0.0,227,29,348.0,11.0,True,False,40.0,60.0
228,124.0,773.49,6.237822580645162,0.0,0.0,91.0,30627.1,336.5615384615384,0.0,0.0,6.0,0.0,0.0,0.0,228,26,238.0,8.0,True,False,0.0,20.0
229,16.0,99.31,6.206875,0.0,0.0,36.0,20551.61,570.8780555555555,0.0,0.0,125.0,0.0,0.0,0.0,229,69,22.0,0.0,False,True,0.0,70.0
230,70.0,426.36,6.090857142857143,0.0,0.0,39.0,21637.87,554.8171794871795,0.0,0.0,126.0,0.0,0.0,0.0,230,38,307.0,10.0,False,True,0.0,70.0
231,497.0,3383.28,6.807404426559357,0.0,0.0,407.0,117076.5,287.65724815724815,0.0,0.0,21.0,0.0,0.0,0.0,231,57,345.0,11.0,False,True,0.0,70.0
232,707.0,4790.59,6.775940594059406,488.17999999999995,14.645399999999999,442.0,145531.1,329.25588235294117,13247.930000000002,180.0,19.0,0.0,0.0,0.0,232,64,268.0,8.0,True,False,194.6454,41.62726666666667
233,105.0,715.47,6.814,0.0,0.0,159.0,50468.21,317.4101257861635,10827.89,120.0,0.0,0.0,0.0,0.0,233,33,111.0,3.0,True,False,120.0,60.0
234,75.0,476.41,6.352133333333334,0.0,0.0,41.0,9299.3,226.8121951219512,0.0,0.0,53.0,0.0,0.0,0.0,234,19,110.0,3.0,False,True,0.0,70.0
235,71.0,456.02,6.42281690140845,0.0,0.0,40.0,20491.17,512.2792499999999,0.0,0.0,61.0,0.0,0.0,0.0,235,50,297.0,10.0,True,False,0.0,20.0
236,652.0,4259.1,6.532361963190184,0.0,0.0,460.0,150632.78,327.46256521739133,0.0,0.0,244.0,0.0,0.0,0.0,236,74,271.0,8.0,False,True,0.0,70.0
237,396.0,2724.16,6.879191919191919,0.0,0.0,146.0,47294.26,323.9332876712329,0.0,0.0,140.0,0.0,0.0,0.0,237,50,127.0,4.0,False,True,0.0,70.0
238,128.0,884.91,6.913359375,0.0,0.0,125.0,45129.13,361.03303999999997,14409.130000000001,150.0,0.0,0.0,0.0,0.0,238,42,198.0,6.0,True,False,150.0,95.0
239,225.0,1525.8700000000001,6.781644444444445,163.69000000000005,4.910700000000001,137.0,44969.52,328.24467153284667,1846.2799999999988,20.0,0.0,0.0,0.0,0.0,239,24,142.0,4.0,True,False,24.910700000000002,28.30356666666667
240,1022.0,6610.85,6.4685420743639925,3440.91,103.2273,487.0,241510.24,495.914250513347,140895.29,1440.0,77.0,0.0,0.0,0.0,240,61,288.0,9.0,True,False,1543.2273,240.46104285714287
241,340.0,2275.24,6.6918823529411755,318.09000000000003,9.5427,74.0,39845.55,538.4533783783784,0.0,0.0,132.0,0.0,0.0,0.0,241,24,126.0,4.0,True,False,9.5427,22.385675
242,108.0,704.23,6.520648148148148,0.0,0.0,109.0,35410.73,324.86908256880736,0.0,0.0,192.0,42.0,1.26,0.42,242,37,208.0,6.0,True,False,1.26,20.42
243,129.0,910.26,7.056279069767442,0.0,0.0,184.0,63275.58,343.88902173913044,20498.25,220.0,48.0,0.0,0.0,0.0,243,71,234.0,7.0,True,False,220.0,93.33333333333333
244,36.0,288.27,8.0075,0.0,0.0,85.0,39734.28,467.4621176470588,9014.279999999999,100.0,74.0,0.0,0.0,0.0,244,75,329.0,10.0,True,False,100.0,70.0
245,204.0,1456.66,7.1404901960784315,0.0,0.0,132.0,45387.25,343.842803030303,0.0,0.0,54.0,0.0,0.0,0.0,245,30,195.0,6.0,True,False,0.0,20.0
246,686.0,4663.77,6.798498542274053,0.0,0.0,486.0,158334.32,325.7907818930041,373.2099999999991,7.0,140.0,0.0,0.0,0.0,246,69,248.0,8.0,False,True,7.0,70.875
247,426.0,2684.06,6.300610328638498,0.0,0.0,199.0,100277.25,503.90577889447235,0.0,0.0,600.0,0.0,0.0,0.0,247,75,263.0,8.0,False,True,0.0,70.0
248,162.0,1001.77,6.183765432098765,408.05999999999995,12.241799999999998,63.0,19199.93,304.76079365079363,1970.7000000000007,20.0,112.0,52.0,1.56,0.78,248,35,60.0,1.0,True,False,33.8018,36.9009
249,515.0,3131.7400000000002,6.081048543689321,0.0,0.0,289.0,87656.09,303.30826989619374,0.0,0.0,199.0,0.0,0.0,0.0,249,41,168.0,5.0,False,True,0.0,70.0
250,219.0,1423.96,6.5021004566210046,0.0,0.0,53.0,28925.07,545.7560377358491,0.0,0.0,201.0,0.0,0.0,0.0,250,57,272.0,8.0,False,True,0.0,70.0
251,730.0,5012.62,6.866602739726027,359.45000000000005,10.7835,455.0,233686.21,513.5960659340659,81578.27,860.0,310.0,0.0,0.0,0.0,251,45,364.0,11.0,True,False,870.7835,107.07835
252,435.0,2776.01,6.381632183908047,0.0,0.0,292.0,94118.44,322.32342465753425,1781.8700000000008,30.0,208.0,0.0,0.0,0.0,252,27,204.0,6.0,True,False,30.0,24.285714285714285
253,72.0,491.31,6.82375,0.0,0.0,181.0,59418.94,328.2814364640884,0.0,0.0,92.0,0.0,0.0,0.0,253,28,135.0,4.0,False,True,0.0,70.0
254,333.0,2384.11,7.15948948948949,53.86999999999989,1.6160999999999968,280.0,97134.06,346.9073571428571,20334.059999999998,240.0,525.0,275.0,8.25,1.65,254,49,150.0,4.0,True,False,249.8661,69.97322
255,421.0,2781.93,6.607909738717339,0.0,0.0,149.0,48740.71,327.11885906040266,0.0,0.0,267.0,0.0,0.0,0.0,255,22,152.0,4.0,False,True,0.0,70.0
256,280.0,1888.4,6.744285714285715,75.43000000000006,2.262900000000002,187.0,54720.82,292.62470588235294,5849.66,60.0,97.0,0.0,0.0,0.0,256,53,111.0,3.0,True,False,62.2629,35.565725
257,693.0,4856.21,7.007518037518038,731.91,21.9573,371.0,117643.57,317.09857142857146,6427.469999999999,80.0,270.0,0.0,0.0,0.0,257,61,336.0,11.0,True,False,101.9573,31.328588888888888
258,55.0,361.6,6.574545454545455,0.0,0.0,358.0,117667.29,328.67958100558656,25825.929999999997,280.0,277.0,5.0,0.15,0.024999999999999998,258,39,172.0,5.0,True,False,280.15,66.69166666666666
259,188.0,1409.49,7.497287234042553,0.0,0.0,44.0,23670.24,537.96,0.0,0.0,301.0,0.0,0.0,0.0,259,63,290.0,9.0,True,False,0.0,20.0
260,60.0,476.27,7.937833333333333,0.0,0.0,56.0,19766.78,352.9782142857143,4406.779999999999,50.0,80.0,30.0,0.8999999999999999,0.8999999999999999,260,36,29.0,0.0,True,False,50.9,70.9
261,720.0,4914.52,6.825722222222223,247.18999999999988,7.415699999999997,586.0,191330.87,326.50319112627983,32961.66,390.0,503.0,13.0,0.39,0.035454545454545454,261,31,312.0,10.0,True,False,397.8057,56.164154545454544
262,40.0,275.72,6.893000000000001,0.0,0.0,48.0,16014.199999999999,333.62916666666666,654.1999999999989,10.0,57.0,7.0,0.21,0.21,262,34,325.0,10.0,True,False,10.21,30.21
263,750.0,5275.22,7.033626666666667,527.51,15.825299999999999,490.0,161608.57,329.8134081632653,19222.1,230.0,30.0,0.0,0.0,0.0,263,39,300.0,9.0,True,False,245.8253,44.58253
264,415.0,2693.23,6.489710843373494,0.0,0.0,393.0,124763.27,317.4637913486005,0.0,0.0,500.0,0.0,0.0,0.0,264,69,242.0,7.0,False,True,0.0,70.0
265,49.0,290.06,5.919591836734694,0.0,0.0,88.0,32233.13,366.2855681818182,12691.14,130.0,0.0,0.0,0.0,0.0,265,29,38.0,1.0,True,False,130.0,85.0
266,48.0,303.54,6.32375,0.0,0.0,31.0,11630.05,375.1629032258064,0.0,0.0,24.0,0.0,0.0,0.0,266,62,18.0,0.0,True,False,0.0,20.0
267,218.0,1570.29,7.203165137614679,931.22,27.9366,133.0,39012.29,293.3254887218045,22184.159999999996,230.0,138.0,75.0,2.25,1.125,267,53,294.0,9.0,True,False,260.1866,150.0933
268,690.0,4773.52,6.918144927536233,235.57000000000005,7.067100000000002,608.0,312518.64,514.0109210526316,158918.63999999998,1630.0,300.0,0.0,0.0,0.0,268,33,352.0,11.0,True,False,1637.0671,183.70671
269,0.0,0.0,0.0,0.0,0.0,0.0,0.0,0.0,0.0,0.0,0.0,0.0,0.0,0.0,269,39,0.0,0.0,False,True,0.0,70.0
270,191.0,1175.5,6.154450261780105,0.0,0.0,211.0,71055.62,336.7564928909952,0.0,0.0,95.0,0.0,0.0,0.0,270,70,104.0,3.0,False,True,0.0,70.0
271,78.0,502.74,6.445384615384616,2.740000000000009,0.08220000000000027,38.0,17962.75,472.70394736842104,2602.75,30.0,83.0,33.0,0.99,0.99,271,48,190.0,6.0,True,False,31.0722,51.072199999999995
272,98.0,624.88,6.3763265306122445,96.86000000000001,2.9058,149.0,43528.51,292.13765100671145,25699.97,260.0,62.0,9.0,0.27,0.135,272,23,149.0,4.0,True,False,263.1758,151.5879
273,142.0,924.74,6.512253521126761,0.0,0.0,125.0,42426.159999999996,339.40927999999997,0.0,0.0,151.0,0.0,0.0,0.0,273,25,79.0,2.0,False,True,0.0,70.0
274,45.0,334.03,7.422888888888888,0.0,0.0,54.0,17346.079999999998,321.2237037037037,0.0,0.0,17.0,0.0,0.0,0.0,274,53,204.0,6.0,False,True,0.0,70.0
275,0.0,0.0,0.0,0.0,0.0,0.0,0.0,0.0,0.0,0.0,0.0,0.0,0.0,0.0,275,33,0.0,0.0,False,True,0.0,70.0
276,184.0,1289.73,7.009402173913044,0.0,0.0,181.0,57117.44,315.5659668508287,5878.289999999997,70.0,76.0,0.0,0.0,0.0,276,20,320.0,10.0,True,False,70.0,37.5
277,846.0,5816.74,6.875579196217494,1544.4699999999998,46.33409999999999,572.0,187377.17,327.5824650349651,54583.100000000006,580.0,0.0,0.0,0.0,0.0,277,25,332.0,10.0,True,False,626.3341,89.59267777777778
278,102.0,635.0,6.2254901960784315,0.0,0.0,117.0,38007.84,324.8533333333333,7863.029999999999,80.0,56.0,0.0,0.0,0.0,278,39,58.0,1.0,True,False,80.0,60.0
279,177.0,1370.65,7.743785310734464,0.0,0.0,132.0,42010.81,318.2637121212121,0.0,0.0,63.0,0.0,0.0,0.0,279,27,329.0,10.0,False,True,0.0,70.0
280,421.0,2823.83,6.707434679334916,126.08000000000004,3.7824000000000013,310.0,96985.67,312.85699999999997,8170.919999999998,110.0,304.0,26.0,0.7799999999999999,0.11142857142857142,280,29,191.0,6.0,True,False,114.5624,36.366057142857144
281,436.0,3061.73,7.022316513761468,527.76,15.832799999999999,152.0,46340.18,304.8696052631579,0.0,0.0,227.0,5.0,0.15,0.024999999999999998,281,39,161.0,5.0,True,False,15.9828,22.6638
282,138.0,845.57,6.1273188405797105,0.0,0.0,122.0,41782.38,342.4785245901639,0.0,0.0,0.0,0.0,0.0,0.0,282,61,60.0,1.0,False,True,0.0,70.0
283,136.0,964.25,7.0900735294117645,0.0,0.0,116.0,36562.01,315.18974137931036,2347.5,21.0,128.0,0.0,0.0,0.0,283,38,198.0,6.0,False,True,21.0,80.5
284,407.0,2848.25,6.9981572481572485,848.2500000000001,25.4475,192.0,100621.98,524.0728124999999,39181.979999999996,410.0,0.0,0.0,0.0,0.0,284,51,115.0,3.0,True,False,435.4475,128.861875
285,287.0,1837.48,6.402369337979094,0.0,0.0,41.0,18046.62,440.1614634146341,0.0,0.0,127.0,0.0,0.0,0.0,285,28,150.0,4.0,True,False,0.0,20.0
286,77.0,425.72,5.528831168831169,0.0,0.0,44.0,11351.29,257.98386363636365,0.0,0.0,10.0,0.0,0.0,0.0,286,52,24.0,0.0,True,False,0.0,20.0
287,114.0,700.72,6.1466666666666665,0.0,0.0,104.0,30068.85,289.12355769230766,1985.6599999999999,20.0,212.0,112.0,3.36,1.68,287,74,291.0,9.0,True,False,23.36,31.68
288,132.0,804.37,6.093712121212121,0.0,0.0,130.0,41262.44,317.40338461538465,0.0,0.0,0.0,0.0,0.0,0.0,288,60,166.0,5.0,True,False,0.0,20.0
289,177.0,1053.75,5.953389830508475,0.0,0.0,114.0,31357.06,275.0619298245614,0.0,0.0,90.0,0.0,0.0,0.0,289,47,49.0,1.0,False,True,0.0,70.0
290,26.0,145.29,5.5880769230769225,0.0,0.0,32.0,13687.46,427.733125,0.0,0.0,69.0,0.0,0.0,0.0,290,33,85.0,3.0,True,False,0.0,20.0
291,648.0,4605.0,7.106481481481482,598.8999999999999,17.966999999999995,421.0,136662.93,324.61503562945364,17754.08,200.0,90.0,0.0,0.0,0.0,291,65,336.0,11.0,True,False,217.96699999999998,44.218555555555554
292,210.0,1353.84,6.446857142857143,0.0,0.0,476.0,238597.18,501.25457983193274,146437.18,1490.0,0.0,0.0,0.0,0.0,292,42,338.0,11.0,True,False,1490.0,268.33333333333337
293,392.0,2558.14,6.525867346938775,146.90999999999997,4.407299999999999,307.0,149882.44,488.21641693811074,73082.44,750.0,432.0,182.0,5.459999999999999,1.0919999999999999,293,23,140.0,4.0,True,False,759.8673,171.97346
294,120.0,927.36,7.728,57.40999999999997,1.722299999999999,144.0,51132.29,355.08534722222225,14889.169999999998,150.0,172.0,73.0,2.19,0.73,294,67,208.0,7.0,True,False,153.9123,71.3041
295,342.0,2412.2599999999998,7.053391812865496,175.62,5.2686,255.0,89029.41,349.1349411764706,16207.149999999998,180.0,108.0,0.0,0.0,0.0,295,68,142.0,4.0,True,False,185.2686,57.05372
296,114.0,767.74,6.734561403508772,0.0,0.0,135.0,45665.49,338.2628888888889,0.0,0.0,45.0,0.0,0.0,0.0,296,36,72.0,2.0,False,True,0.0,70.0
297,28.0,186.64,6.6657142857142855,0.0,0.0,61.0,20207.82,331.275737704918,0.0,0.0,0.0,0.0,0.0,0.0,297,51,110.0,4.0,True,False,0.0,20.0
298,88.0,553.23,6.286704545454546,53.23000000000002,1.5969000000000004,38.0,17882.76,470.598947368421,2522.7599999999984,30.0,103.0,53.0,1.5899999999999999,1.5899999999999999,298,53,101.0,3.0,True,False,33.1869,53.1869
299,610.0,4185.3,6.861147540983607,102.14999999999998,3.0644999999999993,447.0,148033.87,331.1719686800895,13079.839999999997,160.0,90.0,0.0,0.0,0.0,299,64,346.0,11.0,True,False,163.0645,36.30645
300,134.0,806.1,6.0156716417910445,0.0,0.0,151.0,47535.72,314.8060927152318,8965.880000000001,90.0,0.0,0.0,0.0,0.0,300,23,71.0,2.0,True,False,90.0,50.0
301,140.0,1042.43,7.4459285714285715,0.0,0.0,144.0,43960.51,305.2813194444445,4291.709999999999,35.0,158.0,0.0,0.0,0.0,301,64,361.0,11.0,False,True,35.0,87.5
302,210.0,1284.46,6.116476190476191,0.0,0.0,206.0,70846.25,343.9138349514563,20343.62,210.0,186.0,42.0,1.26,0.315,302,62,323.0,11.0,True,False,211.26,72.815
303,18.0,112.29,6.238333333333333,0.0,0.0,53.0,25042.66,472.50301886792454,0.0,0.0,148.0,0.0,0.0,0.0,303,67,67.0,2.0,False,True,0.0,70.0
304,143.0,1044.1200000000001,7.301538461538462,0.0,0.0,126.0,46722.54,370.81380952380954,0.0,0.0,131.0,0.0,0.0,0.0,304,69,64.0,2.0,False,True,0.0,70.0
305,540.0,3496.27,6.4745740740740745,5.439999999999998,0.16319999999999993,388.0,120924.91,311.6621391752577,5491.0700000000015,80.0,26.0,0.0,0.0,0.0,305,18,237.0,7.0,True,False,80.1632,30.020400000000002
306,3.0,4.6,1.5333333333333332,0.0,0.0,1.0,246.99,246.99,0.0,0.0,0.0,0.0,0.0,0.0,306,19,2.0,0.0,True,False,0.0,20.0
307,0.0,0.0,0.0,0.0,0.0,0.0,0.0,0.0,0.0,0.0,0.0,0.0,0.0,0.0,307,28,0.0,0.0,True,False,0.0,20.0
308,74.0,467.93,6.323378378378378,0.0,0.0,84.0,28304.1,336.9535714285714,6160.720000000001,70.0,60.0,0.0,0.0,0.0,308,46,39.0,1.0,True,False,70.0,55.0
309,84.0,602.45,7.17202380952381,80.74000000000001,2.4222,57.0,16473.7,289.0122807017544,873.7000000000007,10.0,70.0,17.0,0.51,0.255,309,19,180.0,5.0,True,False,12.9322,26.4661
310,19.0,132.22,6.958947368421053,0.0,0.0,73.0,21939.16,300.53643835616435,5610.259999999998,60.0,0.0,0.0,0.0,0.0,310,73,31.0,1.0,True,False,60.0,50.0
311,191.0,1323.99,6.931884816753927,0.0,0.0,335.0,106827.62,318.88841791044774,0.0,0.0,0.0,0.0,0.0,0.0,311,69,187.0,6.0,False,True,0.0,70.0
312,512.0,3323.35,6.49091796875,10.360000000000014,0.3108000000000004,549.0,195201.75,355.5587431693989,57658.86,620.0,288.0,0.0,0.0,0.0,312,42,301.0,10.0,True,False,620.3108,88.92342222222221
313,553.0,3704.0,6.6980108499095845,497.17999999999995,14.915399999999998,336.0,112127.22,333.7119642857143,16485.47,190.0,308.0,11.0,0.32999999999999996,0.04714285714285714,313,49,221.0,7.0,True,False,205.2454,49.320771428571426
314,138.0,908.67,6.584565217391304,0.0,0.0,102.0,29401.53,288.25029411764706,0.0,0.0,40.0,0.0,0.0,0.0,314,35,300.0,9.0,False,True,0.0,70.0
315,76.0,598.28,7.872105263157894,0.0,0.0,32.0,13411.49,419.1090625,0.0,0.0,56.0,0.0,0.0,0.0,315,45,240.0,8.0,True,False,0.0,20.0
316,228.0,1458.82,6.398333333333333,0.0,0.0,281.0,141533.37,503.6774733096085,33504.38,360.0,433.0,77.0,2.3099999999999996,0.28874999999999995,316,59,224.0,7.0,True,False,362.31,65.28875
317,165.0,1108.3700000000001,6.71739393939394,0.0,0.0,56.0,25312.7,452.0125,0.0,0.0,0.0,0.0,0.0,0.0,317,70,50.0,1.0,False,True,0.0,70.0
318,151.0,1079.68,7.150198675496689,0.0,0.0,203.0,62975.01,310.22172413793106,16452.3,180.0,115.0,0.0,0.0,0.0,318,54,93.0,3.0,True,False,180.0,65.0
319,0.0,0.0,0.0,0.0,0.0,0.0,0.0,0.0,0.0,0.0,0.0,0.0,0.0,0.0,319,21,0.0,0.0,True,False,0.0,20.0
320,1080.0,7202.87,6.669324074074074,2780.33,83.4099,338.0,163155.97,482.70997041420117,34823.82,380.0,531.0,104.0,3.1199999999999997,0.3466666666666666,320,23,311.0,10.0,True,False,466.5299,71.83665555555555
321,481.0,3324.37,6.911372141372141,86.53999999999996,2.5961999999999987,413.0,137353.51,332.57508474576275,33370.53,370.0,0.0,0.0,0.0,0.0,321,19,214.0,7.0,True,False,372.5962,73.22802857142857
322,64.0,519.57,8.11828125,0.0,0.0,199.0,59172.44,297.3489447236181,3060.9000000000015,40.0,0.0,0.0,0.0,0.0,322,22,194.0,6.0,True,False,40.0,28.0
323,3.0,27.03,9.01,0.0,0.0,3.0,1024.85,341.6166666666666,0.0,0.0,1.0,0.0,0.0,0.0,323,42,1.0,0.0,True,False,0.0,20.0
324,1300.0,8950.28,6.88483076923077,4450.28,133.5084,309.0,162360.6,525.4388349514563,26987.599999999995,300.0,1175.0,725.0,21.75,2.4166666666666665,324,18,271.0,8.0,True,False,455.2584,70.58426666666666
325,90.0,550.5600000000001,6.117333333333334,0.0,0.0,130.0,39119.82,300.9216923076923,12392.939999999999,130.0,0.0,0.0,0.0,0.0,325,43,188.0,6.0,True,False,130.0,85.0
326,726.0,5036.38,6.937162534435262,2036.38,61.09140000000001,132.0,66386.3,502.92651515151516,0.0,0.0,444.0,152.0,4.56,0.7599999999999999,326,21,328.0,10.0,True,False,65.65140000000001,30.9419
327,295.0,2034.66,6.897152542372882,84.14999999999998,2.5244999999999993,181.0,94111.45,519.9527624309392,28677.4,300.0,135.0,0.0,0.0,0.0,327,20,317.0,10.0,True,False,302.5245,80.50489999999999
328,891.0,6112.47,6.86023569023569,1995.92,59.8776,422.0,215711.85,511.16552132701423,90082.52,950.0,1233.0,812.0,24.36,2.7066666666666666,328,20,324.0,10.0,True,False,1034.2376,134.91528888888888
329,730.0,4858.73,6.6557945205479445,0.0,0.0,222.0,106923.25,481.63626126126127,0.0,0.0,397.0,0.0,0.0,0.0,329,65,128.0,4.0,False,True,0.0,70.0
330,118.0,920.75,7.802966101694915,0.0,0.0,64.0,23008.65,359.51015625,0.0,0.0,153.0,0.0,0.0,0.0,330,48,55.0,1.0,False,True,0.0,70.0
331,235.0,1687.07,7.179021276595744,0.0,0.0,278.0,84490.52,303.9227338129497,7973.66,100.0,440.0,190.0,5.699999999999999,1.14,331,54,328.0,10.0,True,False,105.7,41.14
332,215.0,1363.13,6.340139534883721,0.0,0.0,343.0,111476.81,325.00527696793,34676.81,370.0,10.0,0.0,0.0,0.0,332,37,294.0,9.0,True,False,370.0,94.0
333,73.0,458.11,6.275479452054794,0.0,0.0,62.0,23175.26,373.7945161290322,0.0,0.0,7.0,0.0,0.0,0.0,333,57,37.0,1.0,False,True,0.0,70.0
334,1140.0,7675.17,6.732605263157895,3049.28,91.4784,329.0,156601.66,475.9928875379939,19346.130000000005,230.0,130.0,0.0,0.0,0.0,334,34,298.0,9.0,True,False,321.47839999999997,52.14784
335,397.0,2850.95,7.181234256926952,51.07000000000005,1.5321000000000013,245.0,125690.28,513.0215510204082,18170.28,220.0,654.0,304.0,9.12,1.3028571428571427,335,61,212.0,6.0,True,False,230.6521,52.9503
336,905.0,5912.09,6.532696132596685,1412.0900000000001,42.3627,510.0,160281.02,314.27650980392156,22996.380000000005,270.0,690.0,240.0,7.199999999999999,0.7999999999999999,336,34,271.0,8.0,True,False,319.5627,55.50696666666666
337,144.0,1006.52,6.989722222222222,161.58000000000004,4.847400000000001,98.0,30277.84,308.9575510204082,1616.9099999999999,20.0,110.0,14.0,0.42,0.21,337,31,295.0,9.0,True,False,25.267400000000002,32.633700000000005
338,408.0,2714.31,6.652720588235294,418.09000000000003,12.5427,249.0,82349.42,330.720562248996,10008.119999999999,120.0,0.0,0.0,0.0,0.0,338,21,144.0,4.0,True,False,132.5427,46.508539999999996
339,24.0,179.03,7.459583333333334,0.0,0.0,59.0,28153.75,477.18220338983053,0.0,0.0,608.0,208.0,6.24,0.78,339,27,303.0,9.0,True,False,6.24,20.78
340,335.0,2057.67,6.142298507462686,121.02999999999997,3.630899999999999,5.0,3856.56,771.312,0.0,0.0,250.0,43.0,1.29,0.258,340,65,179.0,5.0,True,False,4.9209,20.98418
341,267.0,1747.76,6.545917602996255,283.82000000000005,8.514600000000002,178.0,57663.48,323.9521348314607,16251.25,170.0,189.0,45.0,1.35,0.45,341,28,197.0,6.0,True,False,179.8646,79.95486666666667
342,65.0,490.54,7.546769230769231,0.0,0.0,44.0,10998.39,249.96340909090907,0.0,0.0,7.0,0.0,0.0,0.0,342,65,71.0,2.0,True,False,0.0,20.0
343,267.0,1801.33,6.746554307116105,0.0,0.0,169.0,84782.84,501.6736094674556,16587.59,190.0,528.0,290.0,8.7,1.7399999999999998,343,43,130.0,4.0,True,False,198.7,59.74
344,6.0,39.14,6.523333333333333,0.0,0.0,17.0,4054.01,238.47117647058826,0.0,0.0,14.0,0.0,0.0,0.0,344,70,6.0,0.0,True,False,0.0,20.0
345,186.0,1201.25,6.458333333333333,58.25999999999999,1.7477999999999996,86.0,26932.57,313.1694186046512,0.0,0.0,36.0,0.0,0.0,0.0,345,26,172.0,5.0,True,False,1.7477999999999996,20.5826
346,398.0,2732.37,6.8652512562814065,0.0,0.0,484.0,152510.09,315.1034917355372,0.0,0.0,465.0,0.0,0.0,0.0,346,59,249.0,8.0,False,True,0.0,70.0
347,324.0,2164.94,6.681913580246913,0.0,0.0,299.0,97752.83,326.9325418060201,0.0,0.0,372.0,0.0,0.0,0.0,347,65,197.0,6.0,False,True,0.0,70.0
348,253.0,1965.8700000000001,7.770237154150198,465.87,13.976099999999999,137.0,41579.92,303.50306569343064,0.0,0.0,142.0,6.0,0.18,0.06,348,60,87.0,2.0,True,False,14.156099999999999,24.7187
349,0.0,0.0,0.0,0.0,0.0,85.0,43261.72,508.9614117647059,1768.2599999999984,20.0,209.0,59.0,1.77,0.59,349,69,91.0,2.0,True,False,21.77,27.256666666666668
350,114.0,835.78,7.331403508771929,168.85000000000002,5.0655,88.0,28510.96,323.98818181818183,8477.95,90.0,10.0,0.0,0.0,0.0,350,29,297.0,9.0,True,False,95.0655,67.53275
351,48.0,289.29,6.026875,0.0,0.0,159.0,53667.71,337.53276729559747,0.0,0.0,39.0,0.0,0.0,0.0,351,47,117.0,3.0,False,True,0.0,70.0
352,380.0,2436.41,6.411605263157894,0.0,0.0,164.0,58581.6,357.2048780487805,0.0,0.0,157.0,0.0,0.0,0.0,352,48,114.0,3.0,False,True,0.0,70.0
353,408.0,2701.47,6.62125,0.0,0.0,355.0,117074.61,329.7876338028169,14781.980000000003,170.0,0.0,0.0,0.0,0.0,353,56,279.0,9.0,True,False,170.0,41.25
354,329.0,2064.75,6.275835866261398,0.0,0.0,215.0,71151.26,330.9360930232558,0.0,0.0,155.0,0.0,0.0,0.0,354,41,129.0,4.0,False,True,0.0,70.0
355,229.0,1573.47,6.871048034934498,122.81999999999994,3.684599999999998,145.0,48807.55,336.6037931034483,4768.09,50.0,282.0,132.0,3.96,1.32,355,57,85.0,2.0,True,False,57.6446,39.214866666666666
356,96.0,615.27,6.4090625,0.0,0.0,217.0,65743.8,302.9668202764977,11233.26,120.0,112.0,0.0,0.0,0.0,356,46,229.0,7.0,True,False,120.0,50.0
357,339.0,2177.24,6.422536873156342,162.85000000000002,4.8855,171.0,54442.72,318.37847953216374,4445.689999999999,50.0,177.0,1.0,0.03,0.005,357,61,127.0,5.0,True,False,54.9155,29.152583333333332
358,446.0,3046.52,6.830762331838565,4.639999999999986,0.13919999999999957,385.0,128033.23,332.55384415584416,15718.220000000001,200.0,30.0,0.0,0.0,0.0,358,20,221.0,8.0,True,False,200.1392,42.23768888888888
359,654.0,4552.42,6.960886850152905,6.160000000000025,0.18480000000000074,601.0,306503.85,509.98976705490844,137543.84999999998,1420.0,0.0,0.0,0.0,0.0,359,33,326.0,10.0,True,False,1420.1848,149.10770909090908
360,104.0,775.14,7.453269230769231,275.14,8.254199999999999,45.0,24053.57,534.5237777777778,8693.57,90.0,0.0,0.0,0.0,0.0,360,75,102.0,3.0,True,False,98.2542,118.2542
361,368.0,2629.01,7.144048913043479,0.0,0.0,363.0,116822.91,321.82619834710744,13796.920000000002,160.0,288.0,0.0,0.0,0.0,361,45,261.0,8.0,True,False,160.0,40.0
362,1121.0,7451.17,6.646895628902765,1697.2999999999997,50.91899999999999,485.0,165615.77,341.4758144329897,5202.52,60.0,672.0,109.0,3.27,0.2725,362,65,347.0,11.0,True,False,114.189,29.515749999999997
363,164.0,1142.22,6.964756097560976,0.0,0.0,188.0,62181.82,330.75436170212765,0.0,0.0,144.0,0.0,0.0,0.0,363,33,360.0,11.0,False,True,0.0,70.0
364,253.0,1636.29,6.467549407114625,0.0,0.0,227.0,73721.54,324.76449339207045,3580.899999999998,40.0,92.0,0.0,0.0,0.0,364,75,144.0,4.0,True,False,40.0,28.0
365,987.0,6879.7,6.970314083080041,3607.23,108.2169,77.0,43468.3,564.5233766233766,0.0,0.0,280.0,5.0,0.15,0.02142857142857143,365,19,325.0,10.0,True,False,108.3669,35.480985714285715
366,415.0,2707.99,6.525277108433734,452.5899999999999,13.577699999999997,239.0,84335.23,352.8670711297071,15809.179999999997,180.0,75.0,0.0,0.0,0.0,366,62,154.0,5.0,True,False,193.5777,58.71554
367,124.0,736.33,5.938145161290323,0.0,0.0,292.0,95887.06,328.3803424657534,14289.100000000002,150.0,0.0,0.0,0.0,0.0,367,18,161.0,5.0,True,False,150.0,45.0
368,585.0,3863.57,6.604393162393163,0.0,0.0,417.0,129924.33,311.5691366906475,0.0,0.0,0.0,0.0,0.0,0.0,368,60,225.0,7.0,False,True,0.0,70.0
369,80.0,513.64,6.4205,0.0,0.0,102.0,50833.01,498.3628431372549,21361.64,220.0,152.0,62.0,1.8599999999999999,0.9299999999999999,369,69,86.0,2.0,True,False,221.86,130.93
370,341.0,2236.09,6.557448680351906,0.0,0.0,162.0,55184.18,340.6430864197531,0.0,0.0,93.0,0.0,0.0,0.0,370,49,110.0,3.0,False,True,0.0,70.0
371,127.0,834.76,6.572913385826771,0.0,0.0,130.0,42779.03,329.06946153846155,9260.890000000003,110.0,84.0,0.0,0.0,0.0,371,27,65.0,2.0,True,False,110.0,56.666666666666664
372,57.0,384.08,6.738245614035088,0.0,0.0,68.0,18896.61,277.89132352941175,3536.6100000000006,40.0,54.0,4.0,0.12,0.12,372,26,84.0,2.0,True,False,40.12,60.12
373,384.0,2581.72,6.723229166666666,0.0,0.0,203.0,105787.34,521.1199014778325,7891.960000000003,63.0,244.0,0.0,0.0,0.0,373,21,123.0,4.0,False,True,63.0,85.75
374,378.0,2450.45,6.482671957671958,0.0,0.0,475.0,245534.4,516.9145263157894,120270.97,1240.0,576.0,171.0,5.13,0.57,374,55,320.0,10.0,True,False,1245.13,158.34777777777776
375,36.0,259.3,7.202777777777778,0.0,0.0,48.0,13623.69,283.82687500000003,0.0,0.0,81.0,31.0,0.9299999999999999,0.9299999999999999,375,69,30.0,0.0,True,False,0.9299999999999999,20.93
376,130.0,981.94,7.553384615384616,0.0,0.0,128.0,36028.84,281.4753125,0.0,0.0,22.0,0.0,0.0,0.0,376,58,259.0,8.0,False,True,0.0,70.0
377,354.0,2232.82,6.3074011299435035,49.50999999999999,1.4852999999999996,361.0,119311.35,330.5023545706371,34693.04,380.0,18.0,0.0,0.0,0.0,377,18,279.0,9.0,True,False,381.4853,83.58088333333333
378,0.0,0.0,0.0,0.0,0.0,0.0,0.0,0.0,0.0,0.0,0.0,0.0,0.0,0.0,378,22,0.0,0.0,True,False,0.0,20.0
379,180.0,1289.16,7.162000000000001,545.24,16.3572,166.0,88703.89,534.3607831325302,57983.89,590.0,154.0,76.0,2.28,1.14,379,34,74.0,2.0,True,False,608.6372,324.3186
380,281.0,1824.83,6.494056939501779,0.0,0.0,219.0,77185.63,352.44579908675803,0.0,0.0,210.0,0.0,0.0,0.0,380,35,118.0,3.0,False,True,0.0,70.0
381,212.0,1580.68,7.456037735849057,0.0,0.0,163.0,82127.86,503.8519018404908,24217.510000000002,260.0,624.0,424.0,12.719999999999999,3.1799999999999997,381,44,123.0,4.0,True,False,272.72,88.18
382,1014.0,6961.02,6.864911242603551,0.0,0.0,163.0,79998.47,490.78815950920244,0.0,0.0,336.0,0.0,0.0,0.0,382,49,192.0,6.0,False,True,0.0,70.0
383,204.0,1163.37,5.702794117647058,0.0,0.0,169.0,56605.09,334.94136094674553,0.0,0.0,119.0,0.0,0.0,0.0,383,52,82.0,2.0,False,True,0.0,70.0
384,237.0,1580.3700000000001,6.6682278481012665,0.0,0.0,433.0,144272.64,333.1931639722864,0.0,0.0,570.0,0.0,0.0,0.0,384,36,205.0,6.0,False,True,0.0,70.0
385,610.0,4145.07,6.795196721311475,151.70000000000005,4.551000000000001,436.0,146487.72,335.9810091743119,12117.360000000002,150.0,350.0,5.0,0.15,0.015,385,52,346.0,11.0,True,False,154.701,35.4701
386,88.0,473.93,5.385568181818182,0.0,0.0,99.0,28368.15,286.5469696969697,6514.709999999999,70.0,40.0,0.0,0.0,0.0,386,30,264.0,8.0,True,False,70.0,55.0
387,325.0,2390.07,7.354061538461539,120.52999999999997,3.615899999999999,318.0,97924.38,307.9383018867925,21435.63,240.0,80.0,0.0,0.0,0.0,387,28,220.0,7.0,True,False,243.6159,68.72318
388,47.0,282.31,6.006595744680851,0.0,0.0,39.0,13262.79,340.07153846153847,0.0,0.0,98.0,0.0,0.0,0.0,388,75,278.0,9.0,False,True,0.0,70.0
389,551.0,3607.71,6.547568058076225,0.0,0.0,304.0,152385.47,501.2679934210526,0.0,0.0,0.0,0.0,0.0,0.0,389,18,239.0,7.0,False,True,0.0,70.0
390,765.0,5107.69,6.676718954248366,0.0,0.0,393.0,125110.25,318.34669211195927,0.0,0.0,0.0,0.0,0.0,0.0,390,61,295.0,9.0,False,True,0.0,70.0
391,274.0,1994.81,7.280328467153285,0.0,0.0,194.0,61041.77,314.64829896907213,0.0,0.0,121.0,0.0,0.0,0.0,391,52,111.0,3.0,False,True,0.0,70.0
392,240.0,1652.97,6.8873750000000005,0.0,0.0,376.0,116944.09,311.0215159574468,30446.91,320.0,318.0,37.0,1.1099999999999999,0.18499999999999997,392,34,221.0,7.0,True,False,321.11,73.51833333333335
393,245.0,1728.07,7.05334693877551,659.42,19.782599999999995,50.0,24215.13,484.30260000000004,0.0,0.0,68.0,0.0,0.0,0.0,393,44,63.0,2.0,True,False,19.782599999999995,26.594199999999997
394,180.0,1095.13,6.084055555555556,0.0,0.0,177.0,52900.63,298.873615819209,4822.41,60.0,80.0,0.0,0.0,0.0,394,28,349.0,11.0,True,False,60.0,35.0
395,34.0,246.33,7.245,0.0,0.0,39.0,11144.27,285.7505128205128,0.0,0.0,25.0,0.0,0.0,0.0,395,24,195.0,6.0,False,True,0.0,70.0
396,171.0,1065.55,6.231286549707602,0.0,0.0,143.0,72196.31,504.8693006993007,13091.219999999998,150.0,123.0,0.0,0.0,0.0,396,65,176.0,5.0,True,False,150.0,57.5
397,787.0,5436.3,6.9076238881829735,1936.3000000000002,58.089,463.0,149967.62,323.9041468682505,42447.619999999995,460.0,0.0,0.0,0.0,0.0,397,70,213.0,6.0,True,False,518.0889999999999,94.01271428571428
398,130.0,796.84,6.129538461538462,0.0,0.0,113.0,34707.08,307.1423008849558,867.7999999999993,10.0,96.0,0.0,0.0,0.0,398,30,70.0,2.0,True,False,10.0,23.333333333333332
399,286.0,1959.01,6.849685314685314,0.0,0.0,479.0,154344.43,322.2221920668058,46824.43000000001,510.0,161.0,0.0,0.0,0.0,399,24,208.0,6.0,True,False,510.0,92.85714285714286
400,704.0,4738.36,6.730625,169.10000000000002,5.073,491.0,156978.81,319.7124439918534,15891.350000000002,180.0,0.0,0.0,0.0,0.0,400,72,298.0,9.0,True,False,185.073,38.5073
401,387.0,2365.16,6.111524547803617,0.0,0.0,108.0,36241.28,335.5674074074074,0.0,0.0,233.0,0.0,0.0,0.0,401,67,129.0,4.0,False,True,0.0,70.0
402,172.0,1113.6,6.474418604651162,0.0,0.0,181.0,56099.6,309.94254143646407,2576.34,30.0,0.0,0.0,0.0,0.0,402,25,203.0,6.0,True,False,30.0,27.5
403,280.0,1902.84,6.795857142857143,0.0,0.0,481.0,237879.26,494.5514760914761,4870.560000000001,42.0,0.0,0.0,0.0,0.0,403,27,328.0,10.0,False,True,42.0,74.2
404,410.0,2750.85,6.709390243902439,304.63,9.1389,183.0,97857.57,534.7408196721312,22520.5,250.0,60.0,0.0,0.0,0.0,404,33,259.0,8.0,True,False,259.1389,71.82777999999999
405,158.0,999.91,6.328544303797468,0.0,0.0,367.0,114437.52,311.8188555858311,0.0,0.0,434.0,0.0,0.0,0.0,405,34,192.0,6.0,False,True,0.0,70.0
406,540.0,3536.67,6.549388888888889,0.0,0.0,543.0,179102.16,329.8382320441989,41099.73,450.0,0.0,0.0,0.0,0.0,406,54,302.0,9.0,True,False,450.0,65.0
407,37.0,185.3,5.008108108108108,0.0,0.0,55.0,19458.75,353.79545454545456,0.0,0.0,52.0,0.0,0.0,0.0,407,27,32.0,1.0,False,True,0.0,70.0
408,704.0,4755.19,6.754531249999999,26.340000000000032,0.7902000000000009,501.0,163944.63999999998,327.2348103792415,6834.079999999998,90.0,429.0,0.0,0.0,0.0,408,40,354.0,11.0,True,False,90.7902,28.253654545454545
409,138.0,850.45,6.16268115942029,0.0,0.0,168.0,52902.29,314.89458333333334,0.0,0.0,77.0,0.0,0.0,0.0,409,38,88.0,2.0,False,True,0.0,70.0
410,216.0,1363.09,6.310601851851851,51.889999999999986,1.5566999999999995,157.0,54332.0,346.0636942675159,8251.999999999996,100.0,37.0,0.0,0.0,0.0,410,46,86.0,2.0,True,False,101.5567,53.85223333333334
411,307.0,2009.5,6.545602605863192,23.120000000000005,0.6936000000000001,178.0,55081.27,309.4453370786517,0.0,0.0,0.0,0.0,0.0,0.0,411,64,143.0,4.0,True,False,0.6936000000000001,20.13872
412,945.0,6249.31,6.613026455026455,0.0,0.0,208.0,104538.17,502.5873557692308,0.0,0.0,336.0,0.0,0.0,0.0,412,61,267.0,8.0,False,True,0.0,70.0
413,41.0,320.28,7.81170731707317,0.0,0.0,51.0,14370.95,281.78333333333336,0.0,0.0,30.0,0.0,0.0,0.0,413,38,172.0,5.0,True,False,0.0,20.0
414,250.0,1642.89,6.571560000000001,12.779999999999973,0.3833999999999992,352.0,108201.01,307.38923295454543,45798.55,480.0,225.0,37.0,1.1099999999999999,0.27749999999999997,414,30,303.0,9.0,True,False,481.4934,116.35418
415,426.0,2854.89,6.701619718309859,82.52999999999992,2.4758999999999975,374.0,120199.14,321.38807486631015,28039.140000000003,320.0,0.0,0.0,0.0,0.0,415,56,307.0,10.0,True,False,322.4759,73.74598333333333
416,148.0,1087.59,7.348581081081081,0.0,0.0,203.0,67901.5,334.49014778325125,21821.5,230.0,124.0,0.0,0.0,0.0,416,25,89.0,2.0,True,False,230.0,96.66666666666667
417,590.0,4005.95,6.789745762711864,0.0,0.0,263.0,131492.11,499.96999999999997,0.0,0.0,58.0,0.0,0.0,0.0,417,51,192.0,6.0,False,True,0.0,70.0
418,160.0,1074.99,6.7186875,0.0,0.0,294.0,154380.25,525.1028911564625,83920.96,850.0,0.0,0.0,0.0,0.0,418,40,346.0,11.0,True,False,850.0,190.0
419,154.0,985.91,6.402012987012987,292.39,8.7717,77.0,24876.15,323.06688311688316,3946.8899999999994,40.0,212.0,112.0,3.36,1.68,419,45,277.0,9.0,True,False,52.131699999999995,46.06585
420,228.0,1635.69,7.174078947368422,0.0,0.0,272.0,87265.76,320.83,0.0,0.0,12.0,0.0,0.0,0.0,420,27,312.0,10.0,False,True,0.0,70.0
421,153.0,921.78,6.024705882352941,0.0,0.0,90.0,43548.47,483.8718888888889,5194.889999999999,60.0,180.0,54.0,1.6199999999999999,0.5399999999999999,421,26,227.0,7.0,True,False,61.62,40.54
422,132.0,827.4,6.268181818181818,0.0,0.0,100.0,36519.8,365.19800000000004,0.0,0.0,66.0,0.0,0.0,0.0,422,41,272.0,8.0,False,True,0.0,70.0
423,39.0,228.12,5.849230769230769,0.0,0.0,34.0,11725.720000000001,344.8741176470589,0.0,0.0,26.0,0.0,0.0,0.0,423,61,18.0,1.0,True,False,0.0,20.0
424,112.0,762.44,6.8075,0.0,0.0,107.0,34312.28,320.67551401869156,0.0,0.0,104.0,0.0,0.0,0.0,424,51,160.0,5.0,False,True,0.0,70.0
425,118.0,737.9300000000001,6.2536440677966105,0.0,0.0,196.0,68079.86,347.34622448979593,13763.220000000001,150.0,58.0,0.0,0.0,0.0,425,19,102.0,3.0,True,False,150.0,57.5
426,120.0,870.86,7.2571666666666665,0.0,0.0,89.0,41406.88,465.2458426966292,0.0,0.0,0.0,0.0,0.0,0.0,426,44,175.0,5.0,False,True,0.0,70.0
427,344.0,2415.82,7.022732558139535,0.0,0.0,133.0,72849.69,547.742030075188,0.0,0.0,0.0,0.0,0.0,0.0,427,64,339.0,11.0,False,True,0.0,70.0
428,200.0,1419.63,7.09815,205.35000000000002,6.160500000000001,133.0,40116.02,301.6242105263158,6520.299999999999,70.0,63.0,0.0,0.0,0.0,428,66,69.0,2.0,True,False,76.1605,45.38683333333333
429,21.0,121.81,5.800476190476191,0.0,0.0,11.0,6770.01,615.4554545454546,0.0,0.0,17.0,0.0,0.0,0.0,429,36,9.0,0.0,True,False,0.0,20.0
430,73.0,545.48,7.472328767123288,45.48000000000002,1.3644000000000005,41.0,21955.85,535.5085365853658,6595.8499999999985,70.0,32.0,0.0,0.0,0.0,430,63,24.0,0.0,True,False,71.3644,91.3644
431,180.0,1053.37,5.852055555555555,133.95000000000005,4.018500000000001,164.0,48363.88,294.90170731707315,15882.400000000001,170.0,72.0,0.0,0.0,0.0,431,74,337.0,11.0,True,False,174.0185,78.00616666666667
432,279.0,1778.82,6.375698924731182,0.0,0.0,139.0,44092.89,317.215035971223,0.0,0.0,27.0,0.0,0.0,0.0,432,59,89.0,2.0,False,True,0.0,70.0
433,288.0,1920.54,6.668541666666666,0.0,0.0,170.0,87687.56999999999,515.8092352941176,0.0,0.0,420.0,0.0,0.0,0.0,433,29,124.0,4.0,False,True,0.0,70.0
434,653.0,4184.15,6.407580398162327,0.0,0.0,448.0,139551.5,311.49888392857144,2903.8099999999995,40.0,482.0,11.0,0.32999999999999996,0.032999999999999995,434,18,300.0,9.0,True,False,40.33,24.033
435,112.0,835.9,7.463392857142857,0.0,0.0,203.0,106606.38,525.1545812807882,3066.709999999999,28.0,472.0,0.0,0.0,0.0,435,23,160.0,5.0,False,True,28.0,77.0
436,301.0,2133.62,7.088438538205979,0.0,0.0,211.0,71948.65,340.9888625592417,0.0,0.0,0.0,0.0,0.0,0.0,436,69,127.0,4.0,False,True,0.0,70.0
437,169.0,1146.04,6.781301775147929,201.40999999999997,6.042299999999999,110.0,34979.63,317.99663636363636,4429.639999999999,50.0,0.0,0.0,0.0,0.0,437,42,49.0,1.0,True,False,56.0423,48.02115
438,180.0,1140.29,6.334944444444444,0.0,0.0,189.0,63666.15,336.85793650793653,11112.77,130.0,172.0,8.0,0.24,0.06,438,36,199.0,6.0,True,False,130.24,52.56
439,352.0,2400.1,6.818465909090909,0.0,0.0,415.0,129271.89,311.4985301204819,15797.64,180.0,528.0,128.0,3.84,0.48,439,28,361.0,11.0,True,False,183.84,42.980000000000004
440,632.0,4528.77,7.165775316455697,1010.64,30.3192,387.0,132894.11,343.39563307493535,23795.269999999997,260.0,272.0,0.0,0.0,0.0,440,49,259.0,8.0,True,False,290.3192,56.2899
441,182.0,1255.34,6.897472527472527,0.0,0.0,132.0,37250.78,282.2028787878788,0.0,0.0,22.0,0.0,0.0,0.0,441,23,298.0,9.0,False,True,0.0,70.0
442,40.0,225.22,5.6305,0.0,0.0,49.0,14448.26,294.8624489795918,0.0,0.0,65.0,0.0,0.0,0.0,442,66,220.0,7.0,False,True,0.0,70.0
443,132.0,902.84,6.83969696969697,225.90999999999997,6.7772999999999985,119.0,40239.78,338.14941176470586,12218.400000000001,130.0,24.0,0.0,0.0,0.0,443,58,295.0,9.0,True,False,136.7773,88.38865
444,115.0,824.22,7.167130434782609,0.0,0.0,303.0,95058.27,313.72366336633667,21633.98,230.0,255.0,10.0,0.3,0.06,444,70,194.0,6.0,True,False,230.3,66.06
445,354.0,2389.18,6.7490960451977395,0.0,0.0,240.0,79752.38,332.3015833333333,0.0,0.0,84.0,0.0,0.0,0.0,445,71,232.0,8.0,False,True,0.0,70.0
446,196.0,1344.2,6.858163265306123,0.0,0.0,218.0,75366.06,345.715871559633,16681.620000000003,180.0,76.0,0.0,0.0,0.0,446,52,112.0,3.0,True,False,180.0,65.0
447,174.0,1174.33,6.749022988505747,52.379999999999995,1.5714,166.0,83725.83,504.37246987951806,46962.03,480.0,156.0,39.0,1.17,0.38999999999999996,447,62,244.0,7.0,True,False,482.7414,180.9138
448,89.0,571.4399999999999,6.42067415730337,0.0,0.0,117.0,33266.97,284.33307692307693,0.0,0.0,133.0,14.0,0.42000000000000004,0.14,448,33,75.0,2.0,True,False,0.42000000000000004,20.14
449,108.0,830.89,7.693425925925926,0.0,0.0,111.0,59040.37,531.8952252252252,12960.369999999999,140.0,0.0,0.0,0.0,0.0,449,39,88.0,2.0,True,False,140.0,66.66666666666666
450,94.0,649.1,6.9053191489361705,0.0,0.0,51.0,17492.24,342.9850980392157,0.0,0.0,82.0,0.0,0.0,0.0,450,67,198.0,6.0,False,True,0.0,70.0
451,335.0,2266.67,6.7661791044776125,0.0,0.0,177.0,59059.69,333.67056497175145,0.0,0.0,245.0,0.0,0.0,0.0,451,53,319.0,10.0,False,True,0.0,70.0
452,3.0,34.58,11.526666666666666,0.0,0.0,1.0,92.68,92.68,0.0,0.0,4.0,0.0,0.0,0.0,452,32,2.0,0.0,True,False,0.0,20.0
453,72.0,537.24,7.461666666666667,0.0,0.0,111.0,34137.01,307.54063063063063,0.0,0.0,86.0,0.0,0.0,0.0,453,51,175.0,5.0,False,True,0.0,70.0
454,168.0,1252.2,7.453571428571429,0.0,0.0,213.0,111062.66,521.4209389671362,0.0,0.0,426.0,0.0,0.0,0.0,454,56,215.0,7.0,False,True,0.0,70.0
455,79.0,559.52,7.08253164556962,2.9399999999999977,0.08819999999999993,23.0,9657.210000000001,419.878695652174,0.0,0.0,77.0,18.0,0.54,0.27,455,20,113.0,4.0,True,False,0.6282,20.3141
456,463.0,3014.81,6.5114686825054,0.0,0.0,256.0,82518.68000000001,322.33859375000003,0.0,0.0,234.0,0.0,0.0,0.0,456,66,212.0,6.0,False,True,0.0,70.0
457,15.0,79.36,5.290666666666667,0.0,0.0,47.0,13148.93,279.7644680851064,0.0,0.0,4.0,0.0,0.0,0.0,457,47,317.0,10.0,True,False,0.0,20.0
458,121.0,865.43,7.152314049586776,0.0,0.0,288.0,92087.41,319.7479513888889,0.0,0.0,174.0,0.0,0.0,0.0,458,32,160.0,5.0,False,True,0.0,70.0
459,164.0,1142.72,6.9678048780487805,0.0,0.0,107.0,50879.39,475.50831775700937,0.0,0.0,0.0,0.0,0.0,0.0,459,40,248.0,8.0,False,True,0.0,70.0
460,413.0,2683.02,6.496416464891041,0.0,0.0,411.0,215882.22,525.2608759124088,7203.770000000004,63.0,339.0,0.0,0.0,0.0,460,46,217.0,7.0,False,True,63.0,77.875
461,154.0,1104.9,7.174675324675325,0.0,0.0,138.0,43055.8,311.9985507246377,0.0,0.0,0.0,0.0,0.0,0.0,461,54,101.0,3.0,True,False,0.0,20.0
462,150.0,1048.45,6.989666666666667,0.0,0.0,104.0,30930.58,297.4094230769231,0.0,0.0,204.0,0.0,0.0,0.0,462,20,117.0,3.0,False,True,0.0,70.0
463,0.0,0.0,0.0,0.0,0.0,0.0,0.0,0.0,0.0,0.0,0.0,0.0,0.0,0.0,463,30,0.0,0.0,False,True,0.0,70.0
464,161.0,1093.95,6.79472049689441,93.95000000000005,2.8185000000000016,65.0,32003.38,492.35969230769234,3333.790000000001,40.0,58.0,0.0,0.0,0.0,464,70,54.0,1.0,True,False,42.8185,41.40925
465,650.0,4470.48,6.877661538461537,0.0,0.0,323.0,103575.17,320.66616099071206,0.0,0.0,194.0,0.0,0.0,0.0,465,73,192.0,6.0,False,True,0.0,70.0
466,216.0,1355.52,6.275555555555555,0.0,0.0,344.0,111087.86,322.92982558139533,6957.77,80.0,320.0,1.0,0.03,0.00375,466,56,339.0,11.0,True,False,80.03,30.00375
467,522.0,3450.75,6.610632183908046,0.0,0.0,454.0,152169.67,335.1754845814978,0.0,0.0,531.0,0.0,0.0,0.0,467,64,334.0,11.0,False,True,0.0,70.0
468,225.0,1674.58,7.442577777777777,0.0,0.0,190.0,60551.29,318.69100000000003,6665.360000000001,80.0,143.0,0.0,0.0,0.0,468,55,114.0,3.0,True,False,80.0,40.0
469,40.0,290.77,7.2692499999999995,0.0,0.0,113.0,36110.02,319.5576991150442,15468.829999999998,160.0,30.0,0.0,0.0,0.0,469,75,210.0,6.0,True,False,160.0,100.0
470,560.0,3838.94,6.85525,245.06000000000006,7.351800000000001,0.0,0.0,0.0,0.0,0.0,1056.0,656.0,19.68,2.46,470,45,254.0,8.0,True,False,27.0318,23.378975
471,24.0,162.7,6.779166666666666,0.0,0.0,25.0,11515.64,460.62559999999996,0.0,0.0,50.0,0.0,0.0,0.0,471,59,27.0,1.0,True,False,0.0,20.0
472,557.0,3546.98,6.3680071813285455,350.74,10.5222,301.0,97170.89,322.82687707641196,4759.950000000001,60.0,247.0,0.0,0.0,0.0,472,51,185.0,6.0,True,False,70.5222,30.0746
473,0.0,0.0,0.0,0.0,0.0,0.0,0.0,0.0,0.0,0.0,0.0,0.0,0.0,0.0,473,61,0.0,0.0,True,False,0.0,20.0
474,161.0,1086.99,6.751490683229814,0.0,0.0,261.0,84769.98,324.78919540229884,17993.460000000003,210.0,141.0,0.0,0.0,0.0,474,26,127.0,4.0,True,False,210.0,62.0
475,228.0,1590.88,6.977543859649123,0.0,0.0,290.0,90895.04,313.4311724137931,0.0,0.0,378.0,0.0,0.0,0.0,475,66,217.0,7.0,False,True,0.0,70.0
476,363.0,2533.01,6.977988980716254,0.0,0.0,188.0,62354.37,331.67218085106384,0.0,0.0,225.0,0.0,0.0,0.0,476,24,204.0,6.0,False,True,0.0,70.0
477,102.0,635.8,6.2333333333333325,0.0,0.0,164.0,55610.93,339.0910365853658,0.0,0.0,3.0,0.0,0.0,0.0,477,52,128.0,4.0,False,True,0.0,70.0
478,260.0,1701.68,6.5449230769230775,0.0,0.0,259.0,82690.64,319.2688803088803,0.0,0.0,60.0,0.0,0.0,0.0,478,51,186.0,6.0,False,True,0.0,70.0
479,229.0,1578.08,6.89117903930131,578.0800000000002,17.342400000000005,24.0,13902.66,579.2775,0.0,0.0,1.0,0.0,0.0,0.0,479,44,49.0,1.0,True,False,17.342400000000005,28.671200000000002
480,70.0,511.51,7.307285714285714,11.509999999999991,0.3452999999999997,20.0,8805.51,440.2755,0.0,0.0,51.0,1.0,0.03,0.03,480,46,18.0,0.0,True,False,0.37529999999999974,20.3753
481,6.0,33.19,5.531666666666666,0.0,0.0,4.0,1265.78,316.445,0.0,0.0,3.0,0.0,0.0,0.0,481,32,3.0,0.0,True,False,0.0,20.0
482,120.0,786.62,6.555166666666667,0.0,0.0,70.0,20806.13,297.2304285714286,0.0,0.0,94.0,0.0,0.0,0.0,482,70,334.0,11.0,False,True,0.0,70.0
483,516.0,3284.85,6.365988372093023,139.0,4.17,262.0,87973.37,335.7762213740458,0.0,0.0,60.0,0.0,0.0,0.0,483,35,214.0,7.0,True,False,4.17,20.52125
484,46.0,402.66,8.753478260869565,0.0,0.0,16.0,7294.5199999999995,455.90749999999997,0.0,0.0,84.0,33.0,0.99,0.495,484,46,32.0,1.0,True,False,0.99,20.495
485,53.0,309.66,5.842641509433963,0.0,0.0,57.0,19484.73,341.83736842105264,4124.73,50.0,24.0,0.0,0.0,0.0,485,67,132.0,4.0,True,False,50.0,70.0
486,45.0,326.41,7.253555555555556,0.0,0.0,54.0,20312.83,376.1635185185186,4952.830000000002,50.0,10.0,0.0,0.0,0.0,486,29,26.0,0.0,True,False,50.0,70.0
487,56.0,392.71,7.012678571428571,0.0,0.0,49.0,13992.39,285.5589795918367,0.0,0.0,66.0,0.0,0.0,0.0,487,18,137.0,4.0,False,True,0.0,70.0
488,725.0,4910.6,6.773241379310345,1131.21,33.9363,324.0,165767.74,511.6288271604938,44480.34,470.0,0.0,0.0,0.0,0.0,488,29,230.0,7.0,True,False,503.9363,82.99203750000001
489,228.0,1569.54,6.883947368421053,0.0,0.0,197.0,60995.75,309.6230964467005,2906.25,30.0,320.0,120.0,3.6,0.9,489,72,221.0,7.0,True,False,33.6,28.4
490,312.0,2123.33,6.805544871794871,0.0,0.0,383.0,190904.51,498.4451958224543,35795.96000000001,266.0,0.0,0.0,0.0,0.0,490,42,345.0,11.0,False,True,266.0,114.33333333333334
491,462.0,3333.51,7.215389610389611,51.889999999999986,1.5566999999999995,199.0,63050.67,316.8375376884422,0.0,0.0,409.0,19.0,0.57,0.06333333333333332,491,22,248.0,8.0,True,False,2.1266999999999996,20.2363
492,164.0,1003.46,6.118658536585366,0.0,0.0,115.0,40823.96,354.9909565217391,1609.0800000000017,20.0,108.0,0.0,0.0,0.0,492,63,299.0,9.0,True,False,20.0,25.0
493,320.0,2197.37,6.86678125,0.0,0.0,236.0,76378.43,323.6374152542373,0.0,0.0,0.0,0.0,0.0,0.0,493,18,300.0,9.0,False,True,0.0,70.0
494,420.0,2672.66,6.36347619047619,85.82000000000005,2.5746000000000016,284.0,91389.19,321.7929225352113,4999.0,70.0,174.0,0.0,0.0,0.0,494,70,256.0,8.0,True,False,72.5746,32.09576666666666
495,253.0,1666.41,6.586600790513835,78.02999999999997,2.340899999999999,290.0,98890.96,341.0033103448276,37450.96,390.0,0.0,0.0,0.0,0.0,495,67,118.0,3.0,True,False,392.3409,118.085225
496,195.0,1376.21,7.05748717948718,0.0,0.0,225.0,64268.64,285.6384,2108.2599999999984,40.0,65.0,0.0,0.0,0.0,496,49,314.0,10.0,True,False,40.0,28.0
497,54.0,276.53,5.120925925925925,0.0,0.0,31.0,11106.55,358.2758064516129,0.0,0.0,50.0,0.0,0.0,0.0,497,49,21.0,0.0,False,True,0.0,70.0
498,451.0,3029.97,6.718337028824833,0.0,0.0,657.0,227525.13,346.3091780821918,59117.95,640.0,0.0,0.0,0.0,0.0,498,51,330.0,10.0,True,False,640.0,78.18181818181819
499,204.0,1450.31,7.109362745098039,0.0,0.0,220.0,71350.23,324.31922727272723,12285.469999999998,140.0,0.0,0.0,0.0,0.0,499,37,239.0,7.0,True,False,140.0,55.0
